repo,domain,file,loc,sloc,lloc,comments,cc_sum,cc_max,cc_mean,n_functions,fan_out,n_commits,lines_added,lines_deleted,n_authors,prior_defects,defect_strict,defect_broad
aio-libs/aiohttp,web,aiohttp/__init__.py,278,265,35,17,5,4,2.5,2,17,538,1877,1375,23,30,0,0
aio-libs/aiohttp,web,aiohttp/_cookie_helpers.py,305,149,105,55,34,20,6.8,5,1,11,964,45,3,9,1,1
aio-libs/aiohttp,web,aiohttp/_websocket/__init__.py,1,0,1,0,0,0,0.0,0,0,2,2,0,1,0,0,0
aio-libs/aiohttp,web,aiohttp/_websocket/helpers.py,147,93,94,22,29,15,7.25,4,3,7,299,5,3,2,0,0
aio-libs/aiohttp,web,aiohttp/_websocket/models.py,84,51,59,7,10,2,1.25,8,0,3,228,0,1,1,0,0
aio-libs/aiohttp,web,aiohttp/_websocket/reader.py,31,24,16,3,0,0,0.0,0,3,7,745,683,2,2,0,0
aio-libs/aiohttp,web,aiohttp/_websocket/reader_c.py,1,1,1,0,0,0,0.0,0,0,2,2,0,1,0,0,0
aio-libs/aiohttp,web,aiohttp/_websocket/reader_py.py,476,366,314,52,109,35,6.8125,16,6,37,1764,798,4,10,1,1
aio-libs/aiohttp,web,aiohttp/_websocket/writer.py,178,110,83,37,27,17,5.4,5,5,13,431,75,4,1,1,1
aio-libs/aiohttp,web,aiohttp/abc.py,268,143,163,4,52,3,1.238095238095238,42,6,106,693,316,17,22,0,1
aio-libs/aiohttp,web,aiohttp/base_protocol.py,100,83,76,1,30,5,2.727272727272727,11,3,30,193,65,8,3,1,1
aio-libs/aiohttp,web,aiohttp/client.py,1613,1288,719,66,234,90,3.5454545454545454,66,15,697,8718,6648,117,114,1,1
aio-libs/aiohttp,web,aiohttp/client_exceptions.py,421,250,204,9,79,5,1.362068965517241,58,3,149,1288,732,36,29,1,1
aio-libs/aiohttp,web,aiohttp/client_middleware_digest_auth.py,476,277,204,71,67,19,6.7,10,5,16,1063,49,4,3,0,1
aio-libs/aiohttp,web,aiohttp/client_middlewares.py,55,26,21,5,3,3,3.0,1,1,4,120,10,2,0,0,0
aio-libs/aiohttp,web,aiohttp/client_proto.py,359,264,201,27,75,18,3.260869565217391,23,6,138,1324,727,24,26,1,1
aio-libs/aiohttp,web,aiohttp/client_reqrep.py,1541,1084,859,140,331,24,3.8488372093023258,86,15,511,8787,6540,87,85,1,1
aio-libs/aiohttp,web,aiohttp/client_ws.py,428,340,297,18,92,22,2.7058823529411766,34,8,145,1798,1158,31,21,0,1
aio-libs/aiohttp,web,aiohttp/compression_utils.py,309,226,179,10,77,4,1.5714285714285714,49,0,18,730,92,8,1,1,1
aio-libs/aiohttp,web,aiohttp/connector.py,1834,1273,939,146,358,22,4.162790697674419,86,10,527,7359,4591,88,113,1,1
aio-libs/aiohttp,web,aiohttp/cookiejar.py,522,363,331,58,126,22,4.846153846153846,26,4,122,1721,939,29,26,0,1
aio-libs/aiohttp,web,aiohttp/formdata.py,179,143,102,4,42,14,5.25,8,4,52,396,192,15,3,0,1
aio-libs/aiohttp,web,aiohttp/hdrs.py,121,110,186,4,0,0,0.0,0,0,32,681,541,13,3,0,1
aio-libs/aiohttp,web,aiohttp/helpers.py,958,643,560,54,220,12,2.857142857142857,77,2,433,5278,3676,85,73,1,1
aio-libs/aiohttp,web,aiohttp/http.py,72,67,13,3,0,0,0.0,0,5,34,331,240,8,1,0,0
aio-libs/aiohttp,web,aiohttp/http_exceptions.py,112,63,60,0,35,4,1.75,20,1,40,255,124,12,12,0,0
aio-libs/aiohttp,web,aiohttp/http_parser.py,1063,819,607,93,232,41,6.823529411764706,34,9,289,4696,3203,42,57,1,1
aio-libs/aiohttp,web,aiohttp/http_websocket.py,36,30,7,1,0,0,0.0,0,4,174,3066,3602,36,19,0,0
aio-libs/aiohttp,web,aiohttp/http_writer.py,378,266,252,30,89,18,4.684210526315789,19,6,102,1494,882,22,8,0,0
aio-libs/aiohttp,web,aiohttp/log.py,8,7,7,0,0,0,0.0,0,0,13,33,26,4,0,0,0
aio-libs/aiohttp,web,aiohttp/multipart.py,1145,813,746,82,268,20,3.4805194805194803,77,8,178,3471,1929,46,35,1,1
aio-libs/aiohttp,web,aiohttp/payload.py,1120,564,479,72,182,11,2.333333333333333,78,5,127,3271,1139,23,26,1,1
aio-libs/aiohttp,web,aiohttp/payload_streamer.py,78,40,32,0,16,2,1.3333333333333333,12,2,21,129,122,9,3,0,0
aio-libs/aiohttp,web,aiohttp/pytest_plugin.py,444,319,219,32,51,7,1.9615384615384612,26,3,101,1299,713,26,6,0,0
aio-libs/aiohttp,web,aiohttp/resolver.py,274,191,146,30,56,9,4.0,14,1,79,775,360,20,27,1,1
aio-libs/aiohttp,web,aiohttp/streams.py,727,509,452,46,193,12,2.718309859154929,71,3,190,2722,1875,37,28,0,0
aio-libs/aiohttp,web,aiohttp/tcp_helpers.py,37,22,23,3,6,3,2.0,3,0,12,94,86,6,0,0,0
aio-libs/aiohttp,web,aiohttp/tracing.py,455,342,258,0,56,2,1.037037037037037,54,2,57,1654,1114,19,7,1,1
aio-libs/aiohttp,web,aiohttp/typedefs.py,69,57,34,0,3,2,1.5,2,1,46,279,170,11,1,0,0
aio-libs/aiohttp,web,aiohttp/web.py,605,562,146,25,43,18,10.75,4,17,476,7291,6285,57,59,0,0
aio-libs/aiohttp,web,aiohttp/web_app.py,620,487,360,30,115,11,2.017543859649123,57,16,127,1746,1108,27,10,1,1
aio-libs/aiohttp,web,aiohttp/web_exceptions.py,452,285,162,26,80,4,1.2121212121212122,66,2,54,898,342,19,5,0,0
aio-libs/aiohttp,web,aiohttp/web_fileresponse.py,418,273,207,80,69,19,5.307692307692308,13,7,166,2024,1679,30,42,0,1
aio-libs/aiohttp,web,aiohttp/web_log.py,216,128,111,10,29,4,1.7058823529411764,17,3,27,411,222,9,1,1,1
aio-libs/aiohttp,web,aiohttp/web_middlewares.py,121,72,66,2,7,3,1.75,4,6,56,273,209,22,5,1,1
aio-libs/aiohttp,web,aiohttp/web_protocol.py,792,577,429,42,149,34,5.518518518518518,27,13,329,4121,2983,48,56,1,1
aio-libs/aiohttp,web,aiohttp/web_request.py,916,625,515,43,151,17,2.287878787878788,66,14,189,2428,1358,46,43,1,1
aio-libs/aiohttp,web,aiohttp/web_response.py,856,682,543,39,229,25,3.693548387096774,62,8,323,3677,2740,66,47,1,1
aio-libs/aiohttp,web,aiohttp/web_routedef.py,214,153,122,3,46,3,1.2432432432432432,37,6,48,468,220,16,3,0,0
aio-libs/aiohttp,web,aiohttp/web_runner.py,399,319,232,20,92,5,1.9574468085106385,47,3,76,1085,558,21,14,1,1
aio-libs/aiohttp,web,aiohttp/web_server.py,84,68,47,4,20,4,2.2222222222222223,9,5,68,491,323,16,10,1,1
aio-libs/aiohttp,web,aiohttp/web_urldispatcher.py,1305,955,835,63,331,13,1.9132947976878611,173,11,337,4670,3181,59,69,1,1
aio-libs/aiohttp,web,aiohttp/web_ws.py,631,503,432,34,143,23,3.3255813953488373,43,14,221,2381,1490,42,40,0,1
aio-libs/aiohttp,web,aiohttp/worker.py,255,183,149,22,45,18,3.2142857142857144,14,4,130,936,659,22,21,1,1
aio-libs/aiohttp,web,requirements/sync-direct-runtime-deps.py,16,11,12,1,0,0,0.0,0,0,3,48,0,1,0,0,0
aio-libs/aiohttp,web,tools/check_changes.py,59,48,35,1,9,6,4.5,2,0,21,157,80,6,4,0,0
aio-libs/aiohttp,web,tools/check_sum.py,50,43,42,2,9,9,9.0,1,0,3,150,0,2,0,0,0
aio-libs/aiohttp,web,tools/cleanup_changes.py,45,35,22,3,5,5,5.0,1,0,8,131,27,5,1,0,0
aio-libs/aiohttp,web,tools/gen.py,173,134,92,3,23,10,3.2857142857142856,7,0,13,311,105,5,3,0,0
matplotlib/matplotlib,data,.circleci/fetch_doc_logs.py,66,39,38,0,0,0,0.0,0,0,4,81,9,2,0,0,0
matplotlib/matplotlib,data,ci/check_version_number.py,19,5,6,1,0,0,0.0,0,1,2,25,6,2,0,0,0
matplotlib/matplotlib,data,ci/check_wheel_licenses.py,33,19,15,1,0,0,0.0,0,0,8,92,23,4,1,0,0
matplotlib/matplotlib,data,ci/export_sdist_name.py,21,9,10,1,0,0,0.0,0,0,1,21,0,1,0,0,0
matplotlib/matplotlib,data,ci/schemas/vendor_schemas.py,50,32,24,4,2,2,2.0,1,0,1,50,0,1,0,0,0
matplotlib/matplotlib,data,galleries/plot_types/3D/bar3d_simple.py,29,15,15,2,0,0,0.0,0,1,2,58,0,2,0,0,0
matplotlib/matplotlib,data,galleries/plot_types/3D/fill_between3d_simple.py,33,19,19,2,0,0,0.0,0,1,1,33,0,1,0,0,0
matplotlib/matplotlib,data,galleries/plot_types/3D/plot3d_simple.py,27,13,13,2,0,0,0.0,0,1,2,54,0,2,0,0,0
matplotlib/matplotlib,data,galleries/plot_types/3D/quiver3d_simple.py,32,17,17,2,0,0,0.0,0,1,2,64,0,2,0,0,0
matplotlib/matplotlib,data,galleries/plot_types/3D/scatter3d_simple.py,29,15,15,2,0,0,0.0,0,1,5,64,6,5,0,0,0
matplotlib/matplotlib,data,galleries/plot_types/3D/stem3d.py,27,13,13,2,0,0,0.0,0,1,2,54,0,2,0,0,0
matplotlib/matplotlib,data,galleries/plot_types/3D/surface3d_simple.py,28,14,14,2,0,0,0.0,0,1,7,63,6,7,0,0,0
matplotlib/matplotlib,data,galleries/plot_types/3D/trisurf3d_simple.py,33,16,16,3,0,0,0.0,0,1,7,77,10,7,0,0,0
matplotlib/matplotlib,data,galleries/plot_types/3D/voxels_simple.py,31,13,13,4,0,0,0.0,0,1,5,68,6,5,0,0,0
matplotlib/matplotlib,data,galleries/plot_types/3D/wire3d_simple.py,25,10,10,2,0,0,0.0,0,2,6,56,7,6,0,0,0
matplotlib/matplotlib,data,galleries/plot_types/arrays/barbs.py,34,18,13,2,0,0,0.0,0,1,18,118,51,4,1,0,0
matplotlib/matplotlib,data,galleries/plot_types/arrays/contour.py,24,9,10,2,0,0,0.0,0,1,6,51,4,2,1,0,0
matplotlib/matplotlib,data,galleries/plot_types/arrays/contourf.py,24,9,10,2,0,0,0.0,0,1,15,54,32,4,1,0,0
matplotlib/matplotlib,data,galleries/plot_types/arrays/imshow.py,24,8,9,2,0,0,0.0,0,1,20,55,34,5,2,0,0
matplotlib/matplotlib,data,galleries/plot_types/arrays/pcolormesh.py,26,9,10,2,0,0,0.0,0,1,18,71,54,4,4,0,0
matplotlib/matplotlib,data,galleries/plot_types/arrays/quiver.py,29,13,13,2,0,0,0.0,0,1,15,74,44,3,2,0,0
matplotlib/matplotlib,data,galleries/plot_types/arrays/streamplot.py,26,10,14,3,0,0,0.0,0,1,14,53,30,3,3,0,0
matplotlib/matplotlib,data,galleries/plot_types/basic/bar.py,25,10,10,2,0,0,0.0,0,1,18,64,39,4,5,0,0
matplotlib/matplotlib,data,galleries/plot_types/basic/fill_between.py,30,13,13,2,0,0,0.0,0,1,5,61,2,3,0,0,0
matplotlib/matplotlib,data,galleries/plot_types/basic/plot.py,31,14,14,2,0,0,0.0,0,1,15,59,28,3,3,0,0
matplotlib/matplotlib,data,galleries/plot_types/basic/scatter_plot.py,30,13,13,3,0,0,0.0,0,1,19,65,35,4,6,0,0
matplotlib/matplotlib,data,galleries/plot_types/basic/stackplot.py,29,13,13,2,0,0,0.0,0,1,3,29,0,3,0,0,0
matplotlib/matplotlib,data,galleries/plot_types/basic/stairs.py,29,9,9,2,0,0,0.0,0,1,24,78,41,7,3,0,0
matplotlib/matplotlib,data,galleries/plot_types/basic/stem.py,26,10,10,2,0,0,0.0,0,1,13,52,26,2,1,0,0
matplotlib/matplotlib,data,galleries/plot_types/stats/boxplot_plot.py,31,16,11,2,0,0,0.0,0,1,14,79,48,2,3,0,0
matplotlib/matplotlib,data,galleries/plot_types/stats/ecdf.py,22,8,9,2,0,0,0.0,0,1,2,22,0,2,0,0,0
matplotlib/matplotlib,data,galleries/plot_types/stats/errorbar_plot.py,28,12,12,2,0,0,0.0,0,1,16,61,33,3,2,0,0
matplotlib/matplotlib,data,galleries/plot_types/stats/eventplot.py,27,11,11,2,0,0,0.0,0,1,13,53,26,2,2,0,0
matplotlib/matplotlib,data,galleries/plot_types/stats/hexbin.py,26,10,11,2,0,0,0.0,0,1,13,45,19,2,2,0,0
matplotlib/matplotlib,data,galleries/plot_types/stats/hist2d.py,26,10,11,2,0,0,0.0,0,1,13,46,20,2,2,0,0
matplotlib/matplotlib,data,galleries/plot_types/stats/hist_plot.py,26,10,10,2,0,0,0.0,0,1,16,53,27,2,4,0,0
matplotlib/matplotlib,data,galleries/plot_types/stats/pie.py,27,11,11,2,0,0,0.0,0,1,18,76,49,3,4,0,0
matplotlib/matplotlib,data,galleries/plot_types/stats/violin.py,29,13,12,3,0,0,0.0,0,1,13,65,36,2,2,0,0
matplotlib/matplotlib,data,galleries/plot_types/unstructured/tricontour.py,29,13,14,2,0,0,0.0,0,1,17,88,66,4,1,0,0
matplotlib/matplotlib,data,galleries/plot_types/unstructured/tricontourf.py,29,13,14,2,0,0,0.0,0,1,7,83,26,2,1,0,0
matplotlib/matplotlib,data,galleries/plot_types/unstructured/tripcolor.py,28,12,13,2,0,0,0.0,0,1,17,64,43,4,1,0,0
matplotlib/matplotlib,data,galleries/plot_types/unstructured/triplot.py,27,11,12,2,0,0,0.0,0,1,15,58,35,2,1,0,0
matplotlib/matplotlib,data,galleries/tutorials/artists.py,721,44,44,533,0,0,0.0,0,2,57,1464,755,14,8,0,0
matplotlib/matplotlib,data,galleries/tutorials/images.py,252,22,24,151,0,0,0.0,0,1,43,587,342,19,7,0,0
matplotlib/matplotlib,data,galleries/tutorials/lifecycle.py,279,75,67,106,2,2,2.0,1,1,32,403,125,15,7,0,0
matplotlib/matplotlib,data,galleries/tutorials/pyplot.py,476,90,87,327,1,1,1.0,1,1,58,801,319,17,3,0,0
matplotlib/matplotlib,data,galleries/users_explain/animations/animations.py,258,36,41,189,1,1,1.0,1,2,21,370,107,11,0,0,0
matplotlib/matplotlib,data,galleries/users_explain/animations/blitting.py,232,69,66,57,14,3,2.333333333333333,6,1,13,326,94,7,0,1,1
matplotlib/matplotlib,data,galleries/users_explain/artists/color_cycle.py,142,21,20,88,0,0,0.0,0,1,20,326,59,11,2,0,0
matplotlib/matplotlib,data,galleries/users_explain/artists/imshow_extent.py,266,116,103,81,26,8,3.7142857142857135,7,2,22,718,187,11,1,0,0
matplotlib/matplotlib,data,galleries/users_explain/artists/patheffects_guide.py,123,30,19,57,0,0,0.0,0,2,17,244,121,10,2,0,0
matplotlib/matplotlib,data,galleries/users_explain/artists/paths.py,233,79,69,120,0,0,0.0,0,3,22,347,121,10,3,0,0
matplotlib/matplotlib,data,galleries/users_explain/artists/transforms_tutorial.py,584,92,77,341,0,0,0.0,0,3,61,1277,686,15,3,0,0
matplotlib/matplotlib,data,galleries/users_explain/axes/arranging_axes.py,438,129,115,164,2,1,1.0,2,1,26,1289,469,11,0,0,0
matplotlib/matplotlib,data,galleries/users_explain/axes/autoscale.py,160,55,56,70,0,0,0.0,0,1,20,212,52,13,0,0,0
matplotlib/matplotlib,data,galleries/users_explain/axes/axes_scales.py,220,106,102,58,2,1,1.0,2,3,7,246,29,4,1,0,0
matplotlib/matplotlib,data,galleries/users_explain/axes/axes_ticks.py,275,114,116,92,3,1,1.0,3,2,7,283,8,3,1,0,0
matplotlib/matplotlib,data,galleries/users_explain/axes/axes_units.py,293,101,104,118,0,0,0.0,0,3,4,338,45,2,0,0,0
matplotlib/matplotlib,data,galleries/users_explain/axes/colorbar_placement.py,194,72,74,77,0,0,0.0,0,1,24,548,118,11,1,0,0
matplotlib/matplotlib,data,galleries/users_explain/axes/constrainedlayout_guide.py,761,264,267,338,2,2,2.0,1,4,95,1830,974,25,12,0,0
matplotlib/matplotlib,data,galleries/users_explain/axes/legend_guide.py,372,105,87,114,7,2,1.4,5,4,43,654,285,19,4,0,0
matplotlib/matplotlib,data,galleries/users_explain/axes/mosaic.py,392,174,82,110,2,2,2.0,1,1,29,582,166,8,1,0,0
matplotlib/matplotlib,data,galleries/users_explain/axes/tight_layout_guide.py,299,111,110,98,1,1,1.0,1,3,48,696,398,12,2,0,0
matplotlib/matplotlib,data,galleries/users_explain/colors/colorbar_only.py,141,46,29,51,0,0,0.0,0,2,37,523,384,13,2,0,0
matplotlib/matplotlib,data,galleries/users_explain/colors/colormap-manipulation.py,315,90,85,138,5,3,2.5,2,3,43,830,268,11,2,0,0
matplotlib/matplotlib,data,galleries/users_explain/colors/colormapnorms.py,348,136,132,114,7,2,1.1666666666666667,6,3,45,623,259,18,6,0,0
matplotlib/matplotlib,data,galleries/users_explain/colors/colormaps.py,449,115,100,185,6,3,3.0,2,2,59,735,277,24,2,0,0
matplotlib/matplotlib,data,galleries/users_explain/colors/colors.py,235,62,62,39,1,1,1.0,1,4,46,607,332,16,1,0,0
matplotlib/matplotlib,data,galleries/users_explain/customizing.py,269,23,25,192,1,1,1.0,1,2,40,484,204,16,3,0,0
matplotlib/matplotlib,data,galleries/users_explain/quick_start.py,595,128,128,409,1,1,1.0,1,3,143,3341,2623,37,8,0,0
matplotlib/matplotlib,data,galleries/users_explain/text/annotations.py,889,235,149,505,5,2,1.25,4,6,80,2389,1496,25,4,0,0
matplotlib/matplotlib,data,galleries/users_explain/text/fonts.py,186,148,1,1,0,0,0.0,0,0,38,571,391,14,0,0,0
matplotlib/matplotlib,data,galleries/users_explain/text/mathtext.py,373,11,12,337,0,0,0.0,0,1,58,2325,1974,22,7,0,0
matplotlib/matplotlib,data,galleries/users_explain/text/pgf.py,265,0,1,0,0,0,0.0,0,0,50,501,197,15,3,0,0
matplotlib/matplotlib,data,galleries/users_explain/text/text_intro.py,423,147,147,136,2,2,2.0,1,4,74,856,433,26,6,0,0
matplotlib/matplotlib,data,galleries/users_explain/text/text_props.py,294,60,23,148,0,0,0.0,0,2,25,353,59,12,2,0,0
matplotlib/matplotlib,data,galleries/users_explain/text/usetex.py,167,0,1,0,0,0,0.0,0,0,56,506,333,18,6,0,0
matplotlib/matplotlib,data,lib/matplotlib/__init__.py,1560,706,583,96,178,23,3.358490566037736,53,12,1182,9416,7412,129,167,0,1
matplotlib/matplotlib,data,lib/matplotlib/_afm.py,465,249,235,36,71,10,2.4482758620689653,29,1,89,1379,869,24,14,0,0
matplotlib/matplotlib,data,lib/matplotlib/_animation_data.py,262,235,4,4,0,0,0.0,0,0,11,325,63,7,1,0,0
matplotlib/matplotlib,data,lib/matplotlib/_api/__init__.py,411,172,158,19,66,10,3.882352941176471,17,1,41,496,85,11,2,0,1
matplotlib/matplotlib,data,lib/matplotlib/_api/deprecation.py,509,261,193,29,50,11,3.571428571428572,14,2,96,1057,465,14,13,0,0
matplotlib/matplotlib,data,lib/matplotlib/_blocking_input.py,30,9,10,5,4,4,4.0,1,0,3,32,2,2,2,0,0
matplotlib/matplotlib,data,lib/matplotlib/_cm.py,1483,1296,226,142,49,1,1.0,49,0,66,16094,15230,23,9,0,0
matplotlib/matplotlib,data,lib/matplotlib/_cm_bivar.py,1312,1306,6,2,0,0,0.0,0,1,1,1312,0,1,0,0,0
matplotlib/matplotlib,data,lib/matplotlib/_cm_listed.py,2847,2836,16,0,0,0,0.0,0,1,17,4921,2077,8,1,0,0
matplotlib/matplotlib,data,lib/matplotlib/_cm_multivar.py,166,154,14,2,0,0,0.0,0,2,1,166,0,1,0,0,0
matplotlib/matplotlib,data,lib/matplotlib/_color_data.py,1141,1122,10,20,0,0,0.0,0,0,20,1253,88,11,2,0,0
matplotlib/matplotlib,data,lib/matplotlib/_constrained_layout.py,805,472,412,67,139,32,9.266666666666667,15,3,88,2692,1810,18,35,1,1
matplotlib/matplotlib,data,lib/matplotlib/_docstring.py,141,46,51,2,32,6,2.909090909090909,11,2,33,320,179,12,3,0,0
matplotlib/matplotlib,data,lib/matplotlib/_enums.py,177,59,57,0,14,5,3.5,4,2,13,292,123,6,0,0,0
matplotlib/matplotlib,data,lib/matplotlib/_fontconfig_pattern.py,111,76,46,11,12,6,4.0,3,0,54,649,522,16,8,0,0
matplotlib/matplotlib,data,lib/matplotlib/_internal_utils.py,64,34,34,0,2,2,2.0,1,1,1,64,0,1,0,0,0
matplotlib/matplotlib,data,lib/matplotlib/_layoutgrid.py,547,328,232,34,63,17,2.52,25,3,14,621,86,6,3,0,0
matplotlib/matplotlib,data,lib/matplotlib/_mathtext.py,2842,1936,1527,241,473,32,2.8323353293413174,167,5,140,5350,2348,22,17,1,1
matplotlib/matplotlib,data,lib/matplotlib/_mathtext_data.py,1742,1697,38,21,12,9,3.0,4,0,109,10855,8975,20,25,0,0
matplotlib/matplotlib,data,lib/matplotlib/_pylab_helpers.py,136,69,81,2,30,6,2.5,12,0,56,382,246,19,13,0,0
matplotlib/matplotlib,data,lib/matplotlib/_text_helpers.py,82,49,37,1,18,14,6.0,3,2,15,138,70,4,0,0,0
matplotlib/matplotlib,data,lib/matplotlib/_tight_bbox.py,84,50,54,2,6,5,3.0,2,1,39,343,255,15,14,0,0
matplotlib/matplotlib,data,lib/matplotlib/_tight_layout.py,301,177,148,23,57,32,19.0,3,3,84,1164,799,22,24,0,0
matplotlib/matplotlib,data,lib/matplotlib/_type1font.py,1208,823,614,47,232,28,4.296296296296297,54,2,75,1965,744,16,17,0,1
matplotlib/matplotlib,data,lib/matplotlib/animation.py,1819,868,774,239,290,29,2.843137254901961,102,3,411,5174,3055,70,75,0,1
matplotlib/matplotlib,data,lib/matplotlib/artist.py,1869,760,778,95,282,13,2.764705882352941,102,7,478,4894,2863,62,67,1,1
matplotlib/matplotlib,data,lib/matplotlib/axes/__init__.py,18,10,10,1,7,3,1.75,4,2,9,30,12,5,1,0,0
matplotlib/matplotlib,data,lib/matplotlib/axes/_axes.py,9182,3108,2672,461,803,81,9.55952380952381,84,28,2825,55118,44851,322,622,0,1
matplotlib/matplotlib,data,lib/matplotlib/axes/_base.py,4940,2166,2027,300,727,32,4.016574585635359,181,17,954,13297,7785,126,175,1,1
matplotlib/matplotlib,data,lib/matplotlib/axes/_secondary_axes.py,338,189,157,29,45,8,3.2142857142857144,14,5,49,683,342,12,10,0,0
matplotlib/matplotlib,data,lib/matplotlib/axis.py,2830,1567,1392,147,497,18,2.792134831460674,178,9,658,9314,6250,93,126,1,1
matplotlib/matplotlib,data,lib/matplotlib/backend_bases.py,3682,1584,1522,229,551,34,2.674757281553398,206,12,1095,14995,10994,127,187,0,1
matplotlib/matplotlib,data,lib/matplotlib/backend_managers.py,387,160,171,15,65,7,2.5,26,1,47,705,332,11,3,0,0
matplotlib/matplotlib,data,lib/matplotlib/backend_tools.py,995,552,578,37,215,10,2.263157894736842,95,3,162,2762,1749,24,15,0,0
matplotlib/matplotlib,data,lib/matplotlib/backends/__init__.py,5,2,2,3,0,0,0.0,0,1,81,402,400,19,14,0,0
matplotlib/matplotlib,data,lib/matplotlib/backends/_backend_gtk.py,332,217,203,39,73,9,2.212121212121212,33,4,25,573,61,7,12,0,1
matplotlib/matplotlib,data,lib/matplotlib/backends/_backend_pdf_ps.py,189,109,91,33,24,4,1.5,16,5,31,540,150,8,2,0,1
matplotlib/matplotlib,data,lib/matplotlib/backends/_backend_tk.py,1106,775,641,128,196,9,2.481012658227848,79,4,235,2844,1630,31,58,0,1
matplotlib/matplotlib,data,lib/matplotlib/backends/backend_agg.py,547,320,262,35,69,14,1.7692307692307692,39,8,371,2657,2040,48,54,0,1
matplotlib/matplotlib,data,lib/matplotlib/backends/backend_cairo.py,529,403,365,37,109,12,2.595238095238096,42,7,267,4269,3754,39,35,0,1
matplotlib/matplotlib,data,lib/matplotlib/backends/backend_gtk3.py,604,455,369,48,112,7,2.24,50,3,253,3198,2838,40,33,0,1
matplotlib/matplotlib,data,lib/matplotlib/backends/backend_gtk3agg.py,74,56,50,3,13,5,2.6,5,4,51,268,184,16,12,0,0
matplotlib/matplotlib,data,lib/matplotlib/backends/backend_gtk3cairo.py,35,25,22,4,8,4,2.6666666666666665,3,2,49,213,168,14,5,0,0
matplotlib/matplotlib,data,lib/matplotlib/backends/backend_gtk4.py,648,487,387,48,119,6,2.4285714285714284,49,3,60,1890,535,11,17,0,1
matplotlib/matplotlib,data,lib/matplotlib/backends/backend_gtk4agg.py,41,30,24,1,6,3,2.0,3,3,15,231,131,4,2,0,0
matplotlib/matplotlib,data,lib/matplotlib/backends/backend_gtk4cairo.py,32,23,19,2,8,3,2.0,4,2,17,112,36,4,4,0,0
matplotlib/matplotlib,data,lib/matplotlib/backends/backend_macosx.py,196,125,122,29,44,5,1.9130434782608696,23,5,158,1419,1413,30,28,0,0
matplotlib/matplotlib,data,lib/matplotlib/backends/backend_mixed.py,122,53,46,16,11,3,2.2,5,3,55,440,321,17,9,0,0
matplotlib/matplotlib,data,lib/matplotlib/backends/backend_nbagg.py,244,160,143,25,51,4,2.217391304347826,23,4,83,968,745,23,23,0,0
matplotlib/matplotlib,data,lib/matplotlib/backends/backend_pdf.py,2838,1939,1641,310,434,17,3.214814814814815,135,12,562,9187,6416,54,117,0,1
matplotlib/matplotlib,data,lib/matplotlib/backends/backend_pgf.py,1010,709,529,110,142,13,2.5357142857142856,56,8,278,3248,2211,42,45,0,1
matplotlib/matplotlib,data,lib/matplotlib/backends/backend_ps.py,1471,1031,723,105,203,14,4.06,50,11,622,8841,7293,68,175,0,0
matplotlib/matplotlib,data,lib/matplotlib/backends/backend_qt.py,1090,817,658,114,240,14,2.608695652173913,92,5,167,2409,1234,41,36,0,1
matplotlib/matplotlib,data,lib/matplotlib/backends/backend_qt5.py,28,21,11,4,3,2,1.5,2,2,276,2714,2690,40,52,0,0
matplotlib/matplotlib,data,lib/matplotlib/backends/backend_qt5agg.py,14,8,7,1,1,1,1.0,1,2,86,780,754,15,22,0,0
matplotlib/matplotlib,data,lib/matplotlib/backends/backend_qt5cairo.py,11,8,6,1,1,1,1.0,1,2,20,111,100,7,2,0,0
matplotlib/matplotlib,data,lib/matplotlib/backends/backend_qtagg.py,86,44,44,22,11,5,2.75,4,4,54,726,644,16,11,0,0
matplotlib/matplotlib,data,lib/matplotlib/backends/backend_qtcairo.py,46,38,36,2,13,5,3.25,4,3,11,70,21,5,1,0,0
matplotlib/matplotlib,data,lib/matplotlib/backends/backend_svg.py,1382,978,797,113,238,24,4.033898305084746,59,7,396,6322,4772,62,85,0,1
matplotlib/matplotlib,data,lib/matplotlib/backends/backend_template.py,213,39,46,47,18,2,1.125,16,4,97,759,548,21,18,0,0
matplotlib/matplotlib,data,lib/matplotlib/backends/backend_tkagg.py,20,15,13,1,5,2,1.25,4,2,231,2383,2377,45,38,0,0
matplotlib/matplotlib,data,lib/matplotlib/backends/backend_tkcairo.py,26,20,18,0,6,3,2.0,3,2,11,48,21,4,1,0,1
matplotlib/matplotlib,data,lib/matplotlib/backends/backend_webagg.py,328,235,184,27,33,8,3.6666666666666665,9,4,91,1331,1015,28,18,0,1
matplotlib/matplotlib,data,lib/matplotlib/backends/backend_webagg_core.py,552,389,302,56,109,8,1.8166666666666669,60,4,135,1544,822,30,24,0,1
matplotlib/matplotlib,data,lib/matplotlib/backends/backend_wx.py,1382,994,833,127,275,12,2.5943396226415096,106,5,499,6908,5466,67,104,0,1
matplotlib/matplotlib,data,lib/matplotlib/backends/backend_wxagg.py,45,33,34,2,7,2,1.4,5,2,69,578,540,24,12,0,0
matplotlib/matplotlib,data,lib/matplotlib/backends/backend_wxcairo.py,23,18,17,1,4,2,1.3333333333333333,3,2,21,90,66,6,4,0,1
matplotlib/matplotlib,data,lib/matplotlib/backends/qt_compat.py,159,119,101,16,9,7,4.5,2,2,122,1567,1352,27,24,0,1
matplotlib/matplotlib,data,lib/matplotlib/backends/qt_editor/__init__.py,0,0,0,0,0,0,0.0,0,0,6,4,4,5,0,0,0
matplotlib/matplotlib,data,lib/matplotlib/backends/qt_editor/_formlayout.py,592,396,360,25,135,22,3.13953488372093,43,2,30,700,98,10,6,0,0
matplotlib/matplotlib,data,lib/matplotlib/backends/qt_editor/figureoptions.py,271,206,145,22,18,18,18.0,1,4,103,1009,708,21,14,0,1
matplotlib/matplotlib,data,lib/matplotlib/backends/registry.py,414,171,135,50,60,12,3.5294117647058822,17,1,20,875,134,5,0,0,0
matplotlib/matplotlib,data,lib/matplotlib/bezier.py,606,276,269,51,58,10,2.4166666666666665,24,2,73,1298,648,22,9,0,0
matplotlib/matplotlib,data,lib/matplotlib/category.py,235,95,97,15,43,6,2.388888888888889,18,1,66,724,485,12,12,0,0
matplotlib/matplotlib,data,lib/matplotlib/cbook.py,2472,1125,1148,214,417,22,3.418032786885246,122,2,805,10741,7596,90,156,0,1
matplotlib/matplotlib,data,lib/matplotlib/cm.py,270,92,82,21,31,6,2.583333333333333,12,6,265,2943,2443,48,56,0,0
matplotlib/matplotlib,data,lib/matplotlib/collections.py,2670,1256,1219,154,414,34,2.6202531645569622,158,14,607,8264,5475,72,133,1,1
matplotlib/matplotlib,data,lib/matplotlib/colorbar.py,1565,929,795,144,238,25,3.901639344262295,61,7,428,6214,4423,62,103,0,1
matplotlib/matplotlib,data,lib/matplotlib/colorizer.py,703,308,296,51,106,15,2.0384615384615383,52,1,5,727,13,2,0,1,1
matplotlib/matplotlib,data,lib/matplotlib/colors.py,4228,1917,1840,195,643,40,3.1365853658536587,205,2,618,10329,5615,88,160,0,1
matplotlib/matplotlib,data,lib/matplotlib/container.py,183,70,76,0,41,5,2.7333333333333334,15,2,50,375,171,19,8,0,0
matplotlib/matplotlib,data,lib/matplotlib/contour.py,1712,992,744,121,256,30,6.564102564102564,39,14,481,7848,6068,65,77,0,1
matplotlib/matplotlib,data,lib/matplotlib/dates.py,1840,736,699,135,258,25,2.8043478260869565,92,1,386,5744,3723,63,82,0,1
matplotlib/matplotlib,data,lib/matplotlib/dviread.py,1380,793,755,160,278,32,3.159090909090909,88,2,202,4003,2338,33,37,0,1
matplotlib/matplotlib,data,lib/matplotlib/figure.py,3781,1342,1213,190,398,20,3.2096774193548385,124,17,985,13639,9512,117,179,0,1
matplotlib/matplotlib,data,lib/matplotlib/font_manager.py,1667,867,695,149,227,17,3.338235294117647,68,4,445,5612,3852,65,82,0,1
matplotlib/matplotlib,data,lib/matplotlib/gridspec.py,807,383,361,23,146,15,3.0416666666666665,48,3,165,2050,1202,37,17,0,0
matplotlib/matplotlib,data,lib/matplotlib/hatch.py,243,175,178,2,58,6,2.071428571428572,28,2,42,403,139,15,6,0,0
matplotlib/matplotlib,data,lib/matplotlib/image.py,1830,971,851,153,287,43,3.776315789473684,76,9,612,6906,4829,75,142,0,1
matplotlib/matplotlib,data,lib/matplotlib/inset.py,276,124,122,25,37,9,2.466666666666667,15,5,3,287,11,2,0,0,0
matplotlib/matplotlib,data,lib/matplotlib/layout_engine.py,309,86,86,6,32,3,1.7777777777777777,18,3,26,402,69,14,3,0,0
matplotlib/matplotlib,data,lib/matplotlib/legend.py,1376,847,535,128,202,41,4.488888888888889,45,14,479,6148,4171,80,94,0,1
matplotlib/matplotlib,data,lib/matplotlib/legend_handler.py,811,433,386,33,124,10,2.1379310344827585,58,4,121,1685,820,28,20,0,0
matplotlib/matplotlib,data,lib/matplotlib/lines.py,1706,855,824,83,233,24,2.773809523809524,84,12,594,8268,7044,83,122,0,1
matplotlib/matplotlib,data,lib/matplotlib/markers.py,907,529,464,24,132,15,2.0307692307692307,65,7,167,3223,1483,38,23,0,0
matplotlib/matplotlib,data,lib/matplotlib/mathtext.py,140,58,50,9,13,5,2.6,5,5,439,10902,10445,41,105,0,0
matplotlib/matplotlib,data,lib/matplotlib/mlab.py,931,400,297,43,102,42,5.666666666666667,18,1,533,13169,12021,75,96,0,0
matplotlib/matplotlib,data,lib/matplotlib/offsetbox.py,1626,780,728,55,273,12,2.237704918032787,122,8,258,4237,2369,43,46,0,1
matplotlib/matplotlib,data,lib/matplotlib/patches.py,4783,2194,2038,220,449,20,1.9955555555555555,225,15,790,15887,10592,108,141,0,1
matplotlib/matplotlib,data,lib/matplotlib/path.py,1133,498,477,36,136,11,2.9565217391304346,46,7,280,3200,1975,33,45,1,1
matplotlib/matplotlib,data,lib/matplotlib/patheffects.py,511,217,225,43,66,4,2.129032258064516,31,3,67,1003,504,20,10,0,0
matplotlib/matplotlib,data,lib/matplotlib/projections/__init__.py,126,46,43,1,11,3,1.5714285714285714,7,5,39,343,158,12,4,0,0
matplotlib/matplotlib,data,lib/matplotlib/projections/geo.py,511,329,300,39,53,3,1.2045454545454546,44,8,90,1713,605,19,11,0,0
matplotlib/matplotlib,data,lib/matplotlib/projections/polar.py,1513,842,802,111,261,22,2.462264150943396,106,9,288,5017,2363,36,55,0,0
matplotlib/matplotlib,data,lib/matplotlib/pylab.py,67,27,21,7,0,0,0.0,0,5,272,6729,6667,27,41,0,0
matplotlib/matplotlib,data,lib/matplotlib/pyplot.py,4783,2570,1198,290,401,26,2.0670103092783507,194,28,989,22242,21318,179,127,0,1
matplotlib/matplotlib,data,lib/matplotlib/quiver.py,1228,746,438,97,116,17,4.142857142857143,28,6,237,4014,2762,45,45,0,0
matplotlib/matplotlib,data,lib/matplotlib/rcsetup.py,1405,1021,525,242,225,13,4.411764705882353,51,6,622,5483,3835,123,71,0,0
matplotlib/matplotlib,data,lib/matplotlib/sankey.py,814,486,358,76,129,86,16.125,8,5,92,2425,1602,22,17,0,0
matplotlib/matplotlib,data,lib/matplotlib/scale.py,899,409,355,34,137,5,1.7125,80,3,209,3080,2208,38,33,0,1
matplotlib/matplotlib,data,lib/matplotlib/sphinxext/__init__.py,0,0,0,0,0,0,0.0,0,0,7,8,8,5,1,0,0
matplotlib/matplotlib,data,lib/matplotlib/sphinxext/figmpl_directive.py,286,148,140,33,31,12,2.8181818181818183,11,1,3,364,80,3,2,0,0
matplotlib/matplotlib,data,lib/matplotlib/sphinxext/mathmpl.py,242,131,117,8,21,6,2.333333333333333,9,2,58,712,431,17,4,0,0
matplotlib/matplotlib,data,lib/matplotlib/sphinxext/plot_directive.py,1001,604,457,57,167,45,5.964285714285714,28,3,219,3752,2481,48,45,0,0
matplotlib/matplotlib,data,lib/matplotlib/sphinxext/roles.py,148,52,46,4,14,3,2.0,7,1,28,480,87,9,2,0,0
matplotlib/matplotlib,data,lib/matplotlib/spines.py,612,364,361,31,130,16,3.1707317073170733,41,5,105,1349,669,26,22,0,1
matplotlib/matplotlib,data,lib/matplotlib/stackplot.py,147,58,56,5,10,10,10.0,1,1,82,470,314,27,10,0,0
matplotlib/matplotlib,data,lib/matplotlib/streamplot.py,767,431,424,50,120,35,3.870967741935484,31,4,157,1767,978,36,33,0,0
matplotlib/matplotlib,data,lib/matplotlib/style/__init__.py,253,102,99,16,30,15,3.333333333333333,9,1,7,264,11,4,1,0,0
matplotlib/matplotlib,data,lib/matplotlib/style/core.py,27,12,5,0,0,0,0.0,0,10,107,834,765,32,15,0,0
matplotlib/matplotlib,data,lib/matplotlib/table.py,846,424,385,66,135,32,3.375,40,8,165,1770,902,39,25,0,0
matplotlib/matplotlib,data,lib/matplotlib/texmanager.py,374,249,171,23,46,11,2.7058823529411766,17,1,254,3091,2666,36,54,0,0
matplotlib/matplotlib,data,lib/matplotlib/text.py,2075,969,938,116,303,26,2.805555555555556,108,13,565,8930,6602,86,106,1,1
matplotlib/matplotlib,data,lib/matplotlib/textpath.py,373,200,193,7,46,7,2.7058823529411766,17,8,131,1509,983,22,14,0,0
matplotlib/matplotlib,data,lib/matplotlib/ticker.py,3044,1474,1434,240,630,29,3.298429319371728,191,1,670,9374,5789,96,153,0,1
matplotlib/matplotlib,data,lib/matplotlib/transforms.py,3003,1305,1402,147,514,12,2.0396825396825395,252,3,406,10611,7403,49,100,1,1
matplotlib/matplotlib,data,lib/matplotlib/tri/__init__.py,23,17,10,0,0,0,0.0,0,8,13,58,35,8,0,0,0
matplotlib/matplotlib,data,lib/matplotlib/tri/_triangulation.py,247,127,112,14,48,10,4.363636363636363,11,2,54,477,249,13,7,0,0
matplotlib/matplotlib,data,lib/matplotlib/tri/_tricontour.py,270,158,60,2,18,7,3.0,6,3,85,1146,808,20,5,0,0
matplotlib/matplotlib,data,lib/matplotlib/tri/_trifinder.py,96,30,34,1,12,2,1.3333333333333333,9,2,19,126,30,8,1,0,0
matplotlib/matplotlib,data,lib/matplotlib/tri/_triinterpolate.py,1574,700,685,181,120,10,2.142857142857143,56,4,85,2229,643,26,14,0,0
matplotlib/matplotlib,data,lib/matplotlib/tri/_tripcolor.py,169,76,67,15,17,17,17.0,1,3,53,487,303,16,3,0,0
matplotlib/matplotlib,data,lib/matplotlib/tri/_triplot.py,86,39,33,12,6,6,6.0,1,4,26,198,112,12,5,0,0
matplotlib/matplotlib,data,lib/matplotlib/tri/_trirefine.py,307,123,115,51,20,6,2.857142857142857,7,3,35,430,123,16,4,0,0
matplotlib/matplotlib,data,lib/matplotlib/tri/_tritools.py,263,88,95,17,15,4,2.142857142857143,7,2,33,424,161,13,2,0,0
matplotlib/matplotlib,data,lib/matplotlib/typing.py,172,117,77,10,0,0,0.0,0,6,21,247,74,8,0,0,1
matplotlib/matplotlib,data,lib/matplotlib/units.py,195,66,76,13,39,9,3.25,12,1,82,1036,872,26,18,0,0
matplotlib/matplotlib,data,lib/matplotlib/widgets.py,4236,2302,2097,232,817,27,3.506437768240344,233,12,688,11898,7375,88,128,0,1
matplotlib/matplotlib,data,lib/mpl_toolkits/axes_grid1/__init__.py,10,8,5,0,0,0,0.0,0,4,10,26,16,7,0,0,0
matplotlib/matplotlib,data,lib/mpl_toolkits/axes_grid1/anchored_artists.py,414,112,72,0,38,10,4.75,8,4,58,1255,706,21,6,0,0
matplotlib/matplotlib,data,lib/mpl_toolkits/axes_grid1/axes_divider.py,618,298,308,24,100,7,2.083333333333333,48,4,99,2348,1657,22,7,0,0
matplotlib/matplotlib,data,lib/mpl_toolkits/axes_grid1/axes_grid.py,564,325,268,6,152,56,7.238095238095238,21,4,110,1730,1160,21,18,0,0
matplotlib/matplotlib,data,lib/mpl_toolkits/axes_grid1/axes_rgb.py,157,68,70,1,16,7,4.0,4,2,42,459,302,16,2,0,0
matplotlib/matplotlib,data,lib/mpl_toolkits/axes_grid1/axes_size.py,271,148,153,2,73,4,1.825,40,2,49,526,255,15,5,0,0
matplotlib/matplotlib,data,lib/mpl_toolkits/axes_grid1/inset_locator.py,524,197,164,3,61,8,2.1785714285714284,28,7,85,1801,943,27,13,0,0
matplotlib/matplotlib,data,lib/mpl_toolkits/axes_grid1/mpl_axes.py,128,102,95,3,38,12,2.533333333333333,15,3,27,224,96,11,0,0,0
matplotlib/matplotlib,data,lib/mpl_toolkits/axes_grid1/parasite_axes.py,260,154,143,11,47,5,2.136363636363636,22,5,90,1130,908,20,15,0,0
matplotlib/matplotlib,data,lib/mpl_toolkits/axisartist/__init__.py,14,12,9,4,0,0,0.0,0,5,16,60,46,9,1,0,0
matplotlib/matplotlib,data,lib/mpl_toolkits/axisartist/angle_helper.py,395,249,233,24,98,23,3.3793103448275863,29,2,48,812,409,14,7,0,0
matplotlib/matplotlib,data,lib/mpl_toolkits/axisartist/axes_divider.py,2,2,1,1,0,0,0.0,0,1,10,33,31,4,0,0,0
matplotlib/matplotlib,data,lib/mpl_toolkits/axisartist/axis_artist.py,1116,595,527,27,178,24,2.282051282051282,78,10,109,2518,1432,20,16,0,1
matplotlib/matplotlib,data,lib/mpl_toolkits/axisartist/axisline_style.py,192,93,87,5,2,1,1.0,2,4,29,270,82,12,4,0,0
matplotlib/matplotlib,data,lib/mpl_toolkits/axisartist/axislines.py,474,256,250,17,91,9,1.82,50,7,94,1657,1168,17,7,0,0
matplotlib/matplotlib,data,lib/mpl_toolkits/axisartist/floating_axes.py,264,171,145,24,35,5,1.8421052631578947,19,9,66,1029,765,13,7,0,0
matplotlib/matplotlib,data,lib/mpl_toolkits/axisartist/grid_finder.py,328,190,170,13,71,9,2.290322580645161,31,2,60,785,457,12,7,0,0
matplotlib/matplotlib,data,lib/mpl_toolkits/axisartist/grid_helper_curvelinear.py,352,225,197,15,54,5,2.347826086956522,23,6,65,1213,861,13,8,0,0
matplotlib/matplotlib,data,lib/mpl_toolkits/axisartist/parasite_axes.py,7,5,4,0,0,0,0.0,0,2,9,35,28,4,1,0,0
matplotlib/matplotlib,data,lib/mpl_toolkits/mplot3d/__init__.py,3,2,2,0,0,0,0.0,0,1,10,14,11,8,1,0,0
matplotlib/matplotlib,data,lib/mpl_toolkits/mplot3d/art3d.py,1667,790,761,101,246,25,2.6451612903225805,93,4,219,3476,1712,49,49,0,1
matplotlib/matplotlib,data,lib/mpl_toolkits/mplot3d/axes3d.py,4195,1863,1691,316,439,30,3.954954954954955,111,15,656,12591,7636,98,97,0,1
matplotlib/matplotlib,data,lib/mpl_toolkits/mplot3d/axis3d.py,750,485,417,108,98,11,2.8823529411764706,34,3,126,1919,1123,26,29,1,1
matplotlib/matplotlib,data,lib/mpl_toolkits/mplot3d/proj3d.py,236,124,128,7,29,5,1.8125,16,1,51,828,595,15,8,0,0
matplotlib/matplotlib,data,lib/pylab.py,3,3,3,1,0,0,0.0,0,1,3,4,1,3,0,0,0
matplotlib/matplotlib,data,tools/boilerplate.py,479,351,143,35,59,16,4.538461538461538,13,3,148,1575,1043,32,19,0,0
matplotlib/matplotlib,data,tools/cache_zenodo_svg.py,169,137,65,3,9,6,4.5,2,0,54,205,31,8,2,0,0
matplotlib/matplotlib,data,tools/check_typehints.py,319,226,170,7,90,48,22.5,4,0,3,320,1,1,0,0,0
matplotlib/matplotlib,data,tools/embed_js.py,102,73,56,10,11,5,2.75,4,0,4,231,27,2,0,0,0
matplotlib/matplotlib,data,tools/generate_matplotlibrc.py,28,14,12,2,0,0,0.0,0,0,3,31,3,2,0,0,0
matplotlib/matplotlib,data,tools/gh_api.py,293,222,203,6,44,6,2.3157894736842106,19,0,15,329,36,10,3,0,0
matplotlib/matplotlib,data,tools/github_stats.py,279,189,137,19,26,12,3.7142857142857135,7,0,29,582,289,11,4,0,0
matplotlib/matplotlib,data,tools/make_icons.py,121,88,68,3,10,3,2.0,5,2,14,311,73,8,0,0,0
matplotlib/matplotlib,data,tools/memleak.py,149,115,106,1,12,6,3.0,4,3,23,209,59,8,3,0,0
matplotlib/matplotlib,data,tools/run_examples.py,93,76,59,0,19,12,4.75,4,0,2,95,2,1,1,0,0
matplotlib/matplotlib,data,tools/stubtest.py,124,102,82,7,36,11,7.2,5,0,8,155,30,4,0,0,0
matplotlib/matplotlib,data,tools/subset.py,406,312,211,83,58,23,4.461538461538462,13,0,16,921,146,10,3,0,0
matplotlib/matplotlib,data,tools/triage_tests.py,376,245,218,11,56,8,2.5454545454545454,22,1,29,960,189,7,6,0,0
matplotlib/matplotlib,data,tools/visualize_tests.py,160,124,90,13,20,20,20.0,1,0,15,243,83,5,2,0,0
pypa/pip,tools,build-project/build-project.py,72,56,25,4,5,2,1.25,4,0,7,89,14,2,0,0,0
pypa/pip,tools,noxfile.py,412,267,203,65,46,11,3.8333333333333335,12,1,117,833,414,19,8,0,1
pypa/pip,tools,src/pip/__init__.py,13,5,6,0,1,1,1.0,1,1,182,200,187,11,1,0,0
pypa/pip,tools,src/pip/__main__.py,24,10,10,10,0,0,0.0,0,1,25,78,61,11,2,0,0
pypa/pip,tools,src/pip/__pip-runner__.py,50,25,23,9,9,4,3.0,3,0,11,90,41,5,0,0,0
pypa/pip,tools,src/pip/_internal/__init__.py,18,6,7,2,1,1,1.0,1,2,415,8690,8660,52,83,0,0
pypa/pip,tools,src/pip/_internal/build_env.py,353,265,168,17,74,16,3.363636363636364,22,11,105,1118,670,25,5,1,1
pypa/pip,tools,src/pip/_internal/cache.py,291,190,138,19,60,7,2.727272727272727,22,8,65,777,450,19,2,1,1
pypa/pip,tools,src/pip/_internal/cli/__init__.py,3,0,1,1,0,0,0.0,0,0,2,5,2,2,0,0,0
pypa/pip,tools,src/pip/_internal/cli/autocompletion.py,184,127,113,22,61,43,20.33333333333333,3,3,22,270,85,14,2,0,0
pypa/pip,tools,src/pip/_internal/cli/base_command.py,244,171,133,22,38,15,3.8,10,11,289,1844,1545,68,27,0,1
pypa/pip,tools,src/pip/_internal/cli/cmdoptions.py,1138,892,281,42,62,8,2.066666666666667,30,9,251,2753,1620,80,8,1,1
pypa/pip,tools,src/pip/_internal/cli/command_context.py,28,21,21,0,8,3,2.0,4,0,14,58,30,6,1,0,0
pypa/pip,tools,src/pip/_internal/cli/index_command.py,175,107,97,11,42,11,4.666666666666667,9,5,9,214,39,4,0,0,0
pypa/pip,tools,src/pip/_internal/cli/main.py,80,32,32,30,4,4,4.0,1,5,20,124,35,9,0,1,1
pypa/pip,tools,src/pip/_internal/cli/main_parser.py,134,79,69,25,18,11,6.0,3,6,32,274,140,11,0,0,0
pypa/pip,tools,src/pip/_internal/cli/parser.py,298,198,184,22,87,16,4.142857142857143,21,3,115,1176,874,41,11,1,1
pypa/pip,tools,src/pip/_internal/cli/progress_bars.py,151,123,68,3,18,6,3.6,5,4,75,943,749,32,3,0,1
pypa/pip,tools,src/pip/_internal/cli/req_command.py,351,280,124,9,36,17,4.0,9,20,128,1052,676,29,1,1,1
pypa/pip,tools,src/pip/_internal/cli/spinners.py,235,169,159,19,56,6,2.1538461538461537,26,6,18,302,67,10,0,0,0
pypa/pip,tools,src/pip/_internal/cli/status_codes.py,6,6,6,0,0,0,0.0,0,0,7,9,2,5,0,0,0
pypa/pip,tools,src/pip/_internal/commands/__init__.py,139,112,25,7,3,2,1.5,2,1,48,530,394,21,3,0,0
pypa/pip,tools,src/pip/_internal/commands/cache.py,231,158,112,21,35,6,2.5,14,6,57,564,330,16,2,0,0
pypa/pip,tools,src/pip/_internal/commands/check.py,66,57,32,0,21,11,10.5,2,6,33,139,71,16,0,0,0
pypa/pip,tools,src/pip/_internal/commands/completion.py,135,124,29,0,7,3,2.333333333333333,3,3,49,305,166,29,8,0,1
pypa/pip,tools,src/pip/_internal/commands/configuration.py,288,207,140,12,50,8,3.125,16,6,68,762,476,20,3,0,0
pypa/pip,tools,src/pip/_internal/commands/debug.py,203,144,128,9,38,7,3.1666666666666665,12,12,48,406,201,22,5,1,1
pypa/pip,tools,src/pip/_internal/commands/download.py,145,106,66,2,10,5,3.333333333333333,3,8,113,608,457,36,2,0,0
pypa/pip,tools,src/pip/_internal/commands/freeze.py,107,86,37,0,12,4,2.4,5,5,77,530,412,36,10,0,0
pypa/pip,tools,src/pip/_internal/commands/hash.py,58,41,31,0,9,3,2.25,4,4,26,139,81,13,1,0,0
pypa/pip,tools,src/pip/_internal/commands/help.py,40,27,23,2,9,5,4.5,2,4,37,126,86,17,5,0,0
pypa/pip,tools,src/pip/_internal/commands/index.py,159,117,81,4,21,10,3.5,6,12,21,228,68,10,1,1,1
pypa/pip,tools,src/pip/_internal/commands/inspect.py,92,75,46,6,12,5,3.0,4,9,5,103,11,3,0,0,0
pypa/pip,tools,src/pip/_internal/commands/install.py,798,642,298,46,106,39,10.6,10,24,464,3696,2926,92,33,0,0
pypa/pip,tools,src/pip/_internal/commands/list.py,400,309,191,14,74,17,5.285714285714286,14,13,179,1550,1156,42,15,1,1
pypa/pip,tools,src/pip/_internal/commands/lock.py,170,127,69,3,10,5,3.333333333333333,3,10,9,188,15,3,0,0,0
pypa/pip,tools,src/pip/_internal/commands/search.py,178,137,116,2,32,9,3.2,10,11,105,520,337,40,11,0,0
pypa/pip,tools,src/pip/_internal/commands/show.py,231,182,159,4,40,18,5.714285714285714,7,6,93,805,532,37,6,0,1
pypa/pip,tools,src/pip/_internal/commands/uninstall.py,113,92,47,0,19,11,6.333333333333333,3,9,59,317,202,27,5,0,0
pypa/pip,tools,src/pip/_internal/commands/wheel.py,181,141,78,2,18,10,6.0,3,10,207,1222,1047,41,6,0,0
pypa/pip,tools,src/pip/_internal/configuration.py,396,246,215,40,75,9,3.0,25,5,107,1072,673,28,2,1,1
pypa/pip,tools,src/pip/_internal/distributions/__init__.py,21,12,11,4,3,3,3.0,1,4,12,40,19,3,1,0,0
pypa/pip,tools,src/pip/_internal/distributions/base.py,55,25,22,0,6,2,1.2,5,3,22,111,44,9,1,0,0
pypa/pip,tools,src/pip/_internal/distributions/installed.py,33,20,16,0,6,2,1.5,4,3,18,72,33,9,2,0,0
pypa/pip,tools,src/pip/_internal/distributions/sdist.py,165,124,80,18,31,8,3.1,10,5,39,385,202,11,2,1,1
pypa/pip,tools,src/pip/_internal/distributions/wheel.py,44,27,20,0,8,3,2.0,4,4,18,93,43,10,1,0,0
pypa/pip,tools,src/pip/_internal/exceptions.py,898,561,371,26,180,10,2.0689655172413794,87,12,120,1492,622,38,4,1,1
pypa/pip,tools,src/pip/_internal/index/__init__.py,1,0,1,0,0,0,0.0,0,0,2,3,2,2,0,0,0
pypa/pip,tools,src/pip/_internal/index/collector.py,489,328,234,29,90,13,2.8125,32,12,81,1412,961,22,5,0,0
pypa/pip,tools,src/pip/_internal/index/package_finder.py,1059,686,450,46,162,24,3.6,45,21,477,6707,5645,82,42,0,1
pypa/pip,tools,src/pip/_internal/index/sources.py,287,198,161,5,59,9,1.903225806451613,31,5,6,318,31,3,0,0,0
pypa/pip,tools,src/pip/_internal/locations/__init__.py,441,285,179,35,88,47,5.176470588235294,17,7,63,949,378,12,4,0,1
pypa/pip,tools,src/pip/_internal/locations/_distutils.py,173,107,85,21,28,20,5.6,5,4,166,1041,852,49,26,0,0
pypa/pip,tools,src/pip/_internal/locations/_sysconfig.py,215,120,103,19,42,18,5.25,8,4,33,406,172,7,5,0,1
pypa/pip,tools,src/pip/_internal/locations/base.py,82,45,48,8,10,5,2.5,4,3,14,137,33,3,2,0,0
pypa/pip,tools,src/pip/_internal/main.py,12,4,5,0,1,1,1.0,1,1,8,26,15,4,0,0,0
pypa/pip,tools,src/pip/_internal/metadata/__init__.py,169,78,59,10,14,3,1.5555555555555556,9,6,26,247,77,11,2,0,0
pypa/pip,tools,src/pip/_internal/metadata/_json.py,87,71,42,8,10,9,5.0,2,0,9,99,12,5,0,0,0
pypa/pip,tools,src/pip/_internal/metadata/base.py,685,367,361,22,145,15,2.196969696969697,66,12,57,941,222,9,5,0,0
pypa/pip,tools,src/pip/_internal/metadata/importlib/__init__.py,6,4,4,0,0,0,0.0,0,2,3,10,2,2,0,0,0
pypa/pip,tools,src/pip/_internal/metadata/importlib/_compat.py,87,42,44,0,17,5,1.8888888888888888,9,1,10,106,19,3,1,0,0
pypa/pip,tools,src/pip/_internal/metadata/importlib/_dists.py,229,175,132,16,51,8,2.125,24,10,35,560,327,12,4,1,1
pypa/pip,tools,src/pip/_internal/metadata/importlib/_envs.py,143,94,91,5,39,9,3.25,12,5,27,276,132,10,2,0,0
pypa/pip,tools,src/pip/_internal/metadata/pkg_resources.py,298,216,193,19,67,5,1.8611111111111112,36,9,53,547,237,10,1,1,1
pypa/pip,tools,src/pip/_internal/models/__init__.py,1,0,1,0,0,0,0.0,0,0,3,7,6,3,0,0,0
pypa/pip,tools,src/pip/_internal/models/candidate.py,25,16,20,0,4,2,1.3333333333333333,3,2,22,127,106,10,3,0,0
pypa/pip,tools,src/pip/_internal/models/direct_url.py,227,173,139,3,57,6,2.1923076923076925,26,0,24,422,183,7,1,0,0
pypa/pip,tools,src/pip/_internal/models/format_control.py,78,62,54,1,24,6,3.4285714285714284,7,2,35,199,122,12,1,0,0
pypa/pip,tools,src/pip/_internal/models/index.py,28,16,15,3,4,2,1.3333333333333333,3,0,19,67,39,10,2,0,0
pypa/pip,tools,src/pip/_internal/models/installation_report.py,57,50,19,21,12,5,3.0,4,3,17,81,21,6,0,0,0
pypa/pip,tools,src/pip/_internal/models/link.py,613,366,323,59,107,8,2.14,50,7,89,1196,527,29,11,0,1
pypa/pip,tools,src/pip/_internal/models/pylock.py,188,139,125,23,39,12,3.25,12,5,10,225,37,3,0,0,0
pypa/pip,tools,src/pip/_internal/models/scheme.py,25,10,17,0,1,1,1.0,1,0,10,52,27,7,0,0,0
pypa/pip,tools,src/pip/_internal/models/search_scope.py,126,78,61,18,24,8,6.0,4,4,25,212,86,15,0,0,0
pypa/pip,tools,src/pip/_internal/models/selection_prefs.py,53,25,14,6,5,3,2.5,2,1,13,78,25,7,0,0,0
pypa/pip,tools,src/pip/_internal/models/target_python.py,122,70,50,4,16,5,3.2,5,3,22,220,86,11,0,0,0
pypa/pip,tools,src/pip/_internal/models/wheel.py,80,32,32,0,15,4,2.5,6,3,25,299,219,11,1,0,0
pypa/pip,tools,src/pip/_internal/network/__init__.py,1,0,1,0,0,0,0.0,0,0,4,3,2,2,0,0,0
pypa/pip,tools,src/pip/_internal/network/auth.py,564,352,301,74,127,15,3.8484848484848486,33,6,65,1006,441,24,6,0,1
pypa/pip,tools,src/pip/_internal/network/cache.py,128,76,78,7,21,3,1.5,14,5,26,245,80,12,2,0,0
pypa/pip,tools,src/pip/_internal/network/download.py,342,241,209,18,63,11,3.3157894736842106,19,13,42,732,390,15,2,1,1
pypa/pip,tools,src/pip/_internal/network/lazy_wheel.py,215,120,137,8,34,4,1.5454545454545454,22,5,26,350,131,13,1,0,0
pypa/pip,tools,src/pip/_internal/network/session.py,528,353,223,87,83,23,3.772727272727273,22,18,55,822,292,18,2,1,1
pypa/pip,tools,src/pip/_internal/network/utils.py,98,61,32,47,11,6,5.5,2,2,13,133,35,9,0,0,0
pypa/pip,tools,src/pip/_internal/network/xmlrpc.py,61,48,34,0,9,4,3.0,3,3,20,107,44,10,0,0,0
pypa/pip,tools,src/pip/_internal/operations/__init__.py,0,0,0,0,0,0,0.0,0,0,3,0,0,1,0,0,0
pypa/pip,tools,src/pip/_internal/operations/check.py,175,116,107,10,26,11,3.7142857142857135,7,8,64,543,330,16,2,0,1
pypa/pip,tools,src/pip/_internal/operations/freeze.py,259,211,141,13,41,20,5.125,8,8,106,1033,773,29,5,0,0
pypa/pip,tools,src/pip/_internal/operations/install/__init__.py,1,0,1,0,0,0,0.0,0,0,2,3,2,2,0,0,0
pypa/pip,tools,src/pip/_internal/operations/install/editable_legacy.py,48,36,16,0,1,1,1.0,1,4,13,81,33,6,0,0,0
pypa/pip,tools,src/pip/_internal/operations/install/wheel.py,746,488,382,97,88,13,3.142857142857143,28,12,452,4530,3728,77,34,1,1
pypa/pip,tools,src/pip/_internal/operations/prepare.py,742,521,344,116,129,20,5.608695652173913,23,24,253,3489,2586,35,13,0,1
pypa/pip,tools,src/pip/_internal/pyproject.py,182,89,61,45,28,24,9.333333333333334,3,4,53,670,485,19,6,0,0
pypa/pip,tools,src/pip/_internal/req/__init__.py,105,80,52,1,17,13,5.666666666666667,3,5,40,229,124,14,4,1,1
pypa/pip,tools,src/pip/_internal/req/constructors.py,562,405,241,22,73,11,4.055555555555555,18,14,111,1307,647,32,12,0,0
pypa/pip,tools,src/pip/_internal/req/req_dependency_group.py,75,49,41,0,15,5,3.75,4,3,6,132,57,4,1,0,0
pypa/pip,tools,src/pip/_internal/req/req_file.py,620,415,307,39,99,21,4.125,24,6,170,2206,1575,44,14,1,1
pypa/pip,tools,src/pip/_internal/req/req_install.py,937,689,469,76,183,18,4.463414634146342,41,29,536,5696,4688,80,41,1,1
pypa/pip,tools,src/pip/_internal/req/req_set.py,81,55,44,0,25,5,2.5,10,2,219,3010,2901,45,20,0,0
pypa/pip,tools,src/pip/_internal/req/req_uninstall.py,639,425,394,60,143,31,4.931034482758621,29,9,116,1581,930,40,10,0,0
pypa/pip,tools,src/pip/_internal/resolution/__init__.py,0,0,0,0,0,0,0.0,0,0,1,0,0,1,0,0,0
pypa/pip,tools,src/pip/_internal/resolution/base.py,20,15,9,0,4,2,1.3333333333333333,3,2,9,44,24,4,0,0,0
pypa/pip,tools,src/pip/_internal/resolution/legacy/__init__.py,0,0,0,0,0,0,0.0,0,0,1,0,0,1,0,0,0
pypa/pip,tools,src/pip/_internal/resolution/legacy/resolver.py,598,372,257,68,98,23,7.538461538461538,13,18,124,1536,937,19,4,0,0
pypa/pip,tools,src/pip/_internal/resolution/resolvelib/__init__.py,0,0,0,0,0,0,0.0,0,0,1,0,0,1,0,0,0
pypa/pip,tools,src/pip/_internal/resolution/resolvelib/base.py,142,85,92,4,38,4,1.5833333333333333,24,6,35,322,145,9,1,0,0
pypa/pip,tools,src/pip/_internal/resolution/resolvelib/candidates.py,593,423,299,26,129,14,2.015625,64,13,152,1694,1047,15,9,0,0
pypa/pip,tools,src/pip/_internal/resolution/resolvelib/factory.py,814,619,389,79,125,16,5.208333333333333,24,23,168,2163,1209,27,8,1,1
pypa/pip,tools,src/pip/_internal/resolution/resolvelib/found_candidates.py,166,95,87,10,31,6,3.4444444444444446,9,3,26,488,224,8,0,0,0
pypa/pip,tools,src/pip/_internal/resolution/resolvelib/provider.py,276,155,96,32,37,14,4.111111111111111,9,7,75,807,554,13,2,0,0
pypa/pip,tools,src/pip/_internal/resolution/resolvelib/reporter.py,101,72,57,1,24,7,2.1818181818181817,11,2,30,216,115,11,2,0,0
pypa/pip,tools,src/pip/_internal/resolution/resolvelib/requirements.py,247,166,169,13,80,4,1.6,50,5,57,772,527,11,1,0,0
pypa/pip,tools,src/pip/_internal/resolution/resolvelib/resolver.py,337,211,147,44,47,19,7.833333333333333,6,17,111,917,561,17,9,0,0
pypa/pip,tools,src/pip/_internal/self_outdated_check.py,262,185,136,18,38,6,2.923076923076923,13,13,106,813,526,34,6,1,1
pypa/pip,tools,src/pip/_internal/utils/__init__.py,0,0,0,0,0,0,0.0,0,0,3,0,0,1,0,0,0
pypa/pip,tools,src/pip/_internal/utils/_jaraco_text.py,109,21,26,0,9,4,1.8,5,0,2,110,1,2,0,0,0
pypa/pip,tools,src/pip/_internal/utils/_log.py,38,11,15,2,5,2,1.25,4,0,1,38,0,1,0,0,0
pypa/pip,tools,src/pip/_internal/utils/appdirs.py,52,25,26,5,9,3,2.25,4,1,48,490,426,21,7,0,0
pypa/pip,tools,src/pip/_internal/utils/compat.py,85,41,39,13,6,3,2.0,3,2,152,1485,1380,43,21,1,1
pypa/pip,tools,src/pip/_internal/utils/compatibility_tags.py,201,143,99,23,33,6,3.3,10,1,133,1442,1244,35,7,0,0
pypa/pip,tools,src/pip/_internal/utils/datetime.py,10,5,6,0,1,1,1.0,1,0,5,16,6,4,0,0,0
pypa/pip,tools,src/pip/_internal/utils/deprecation.py,126,76,35,7,15,8,3.75,4,2,63,474,348,15,0,0,0
pypa/pip,tools,src/pip/_internal/utils/direct_url_helpers.py,87,70,46,10,16,8,5.333333333333333,3,4,16,163,76,6,2,0,0
pypa/pip,tools,src/pip/_internal/utils/egg_link.py,81,43,38,0,13,8,4.333333333333333,3,2,6,110,29,3,0,0,0
pypa/pip,tools,src/pip/_internal/utils/entrypoints.py,88,54,36,8,11,7,3.6666666666666665,3,2,12,108,20,6,0,0,0
pypa/pip,tools,src/pip/_internal/utils/filesystem.py,164,103,98,22,32,8,3.2,10,3,53,464,244,24,7,0,0
pypa/pip,tools,src/pip/_internal/utils/filetypes.py,24,18,18,0,2,2,2.0,1,1,9,58,34,5,0,0,0
pypa/pip,tools,src/pip/_internal/utils/glibc.py,102,40,45,40,13,5,3.25,4,0,24,176,74,13,0,0,0
pypa/pip,tools,src/pip/_internal/utils/hashes.py,150,82,84,10,41,8,2.5625,16,2,43,307,142,16,1,0,0
pypa/pip,tools,src/pip/_internal/utils/logging.py,364,258,172,24,70,9,2.8,25,9,67,865,499,23,3,1,1
pypa/pip,tools,src/pip/_internal/utils/misc.py,765,468,403,34,137,7,2.140625,64,8,369,4014,3376,92,43,1,1
pypa/pip,tools,src/pip/_internal/utils/packaging.py,44,18,18,6,3,2,1.5,2,2,41,272,228,16,2,0,0
pypa/pip,tools,src/pip/_internal/utils/retry.py,45,24,23,2,1,1,1.0,1,0,3,52,7,1,0,0,0
pypa/pip,tools,src/pip/_internal/utils/setuptools_build.py,149,109,42,7,13,5,2.6,5,0,31,346,197,14,3,0,0
pypa/pip,tools,src/pip/_internal/utils/subprocess.py,248,163,118,36,41,31,8.2,5,5,47,537,289,14,0,0,0
pypa/pip,tools,src/pip/_internal/utils/temp_dir.py,294,172,154,23,52,7,2.736842105263158,19,1,51,566,222,17,2,0,0
pypa/pip,tools,src/pip/_internal/utils/unpacking.py,362,256,202,38,58,13,4.833333333333333,12,3,41,657,285,14,2,0,1
pypa/pip,tools,src/pip/_internal/utils/urls.py,55,33,25,9,12,11,6.0,2,1,15,107,52,8,0,0,0
pypa/pip,tools,src/pip/_internal/utils/virtualenv.py,105,50,48,8,15,5,2.142857142857143,7,0,21,182,74,4,0,0,0
pypa/pip,tools,src/pip/_internal/utils/wheel.py,132,67,63,7,19,7,3.1666666666666665,6,2,24,297,167,9,0,0,0
pypa/pip,tools,src/pip/_internal/vcs/__init__.py,15,11,5,6,0,0,0.0,0,5,127,1203,1188,35,17,0,0
pypa/pip,tools,src/pip/_internal/vcs/bazaar.py,130,108,65,3,20,5,2.2222222222222223,9,4,97,500,370,26,11,0,0
pypa/pip,tools,src/pip/_internal/vcs/git.py,571,384,264,56,72,8,3.130434782608696,23,4,189,2342,1759,50,25,0,1
pypa/pip,tools,src/pip/_internal/vcs/mercurial.py,186,152,96,1,25,4,2.272727272727273,11,5,103,919,733,32,11,0,0
pypa/pip,tools,src/pip/_internal/vcs/subversion.py,335,219,171,46,53,13,3.117647058823529,17,4,135,1170,833,39,14,0,0
pypa/pip,tools,src/pip/_internal/vcs/versioncontrol.py,693,389,319,21,93,9,1.8979591836734693,49,4,72,2754,2060,21,2,1,1
pypa/pip,tools,src/pip/_internal/wheel_builder.py,334,256,168,18,62,13,6.2,10,18,100,1405,1084,15,3,0,0
pypa/pip,tools,tools/__init__.py,0,0,0,0,0,0,0.0,0,0,2,0,0,2,0,0,0
pypa/pip,tools,tools/protected_pip.py,40,32,22,2,4,4,4.0,1,0,11,139,99,6,1,0,0
pypa/pip,tools,tools/release/__init__.py,238,156,129,24,31,5,2.2142857142857144,14,0,27,330,92,8,2,0,0
pypa/pip,tools,tools/release/check_version.py,43,27,28,0,9,7,4.5,2,0,7,50,7,4,0,0,0
pypa/pip,tools,tools/update-rtd-redirects.py,161,107,102,10,3,1,1.0,3,0,6,169,7,5,1,0,0
python-poetry/poetry,tools,src/poetry/__main__.py,9,5,5,0,0,0,0.0,0,1,7,12,3,4,0,0,0
python-poetry/poetry,tools,src/poetry/__version__.py,6,3,3,0,0,0,0.0,0,1,142,155,149,7,2,0,0
python-poetry/poetry,tools,src/poetry/config/__init__.py,0,0,0,0,0,0,0.0,0,0,2,0,0,2,0,0,0
python-poetry/poetry,tools,src/poetry/config/config.py,435,321,257,17,95,14,2.878787878787879,33,6,65,600,165,20,5,1,1
python-poetry/poetry,tools,src/poetry/config/config_source.py,99,68,69,0,36,9,4.0,9,0,12,187,88,6,0,1,1
python-poetry/poetry,tools,src/poetry/config/dict_config_source.py,57,39,40,0,19,5,3.1666666666666665,6,1,7,66,9,5,1,1,1
python-poetry/poetry,tools,src/poetry/config/file_config_source.py,110,75,78,2,25,5,3.125,8,2,15,137,27,6,1,1,1
python-poetry/poetry,tools,src/poetry/config/source.py,44,33,29,1,12,4,3.0,4,1,10,78,34,8,1,0,0
python-poetry/poetry,tools,src/poetry/console/__init__.py,0,0,0,0,0,0,0.0,0,0,6,7,7,3,1,0,0
python-poetry/poetry,tools,src/poetry/console/application.py,646,453,303,47,82,11,3.9047619047619047,21,17,117,1399,753,20,15,0,0
python-poetry/poetry,tools,src/poetry/console/command_loader.py,22,14,12,0,5,3,2.5,2,0,7,29,7,6,0,0,0
python-poetry/poetry,tools,src/poetry/console/commands/__init__.py,0,0,0,0,0,0,0.0,0,0,22,20,20,3,0,0,0
python-poetry/poetry,tools,src/poetry/console/commands/about.py,27,18,9,0,3,2,1.5,2,2,21,70,43,11,2,0,0
python-poetry/poetry,tools,src/poetry/console/commands/add.py,466,382,242,12,114,82,19.0,6,6,110,1139,668,23,17,1,1
python-poetry/poetry,tools,src/poetry/console/commands/build.py,251,194,108,1,40,6,2.857142857142857,14,8,43,430,179,12,3,0,0
python-poetry/poetry,tools,src/poetry/console/commands/cache/__init__.py,0,0,0,0,0,0,0.0,0,0,4,2,2,2,0,0,0
python-poetry/poetry,tools,src/poetry/console/commands/cache/clear.py,90,66,57,1,23,12,11.5,2,3,34,190,100,16,7,0,0
python-poetry/poetry,tools,src/poetry/console/commands/cache/list.py,21,16,16,0,9,5,4.5,2,2,16,61,40,9,2,0,0
python-poetry/poetry,tools,src/poetry/console/commands/check.py,185,125,93,9,48,14,9.6,5,3,37,243,58,18,5,0,0
python-poetry/poetry,tools,src/poetry/console/commands/command.py,50,31,34,0,10,2,1.6666666666666667,6,2,26,199,144,8,3,0,0
python-poetry/poetry,tools,src/poetry/console/commands/config.py,430,329,245,6,90,51,15.0,6,8,94,1121,688,24,13,1,1
python-poetry/poetry,tools,src/poetry/console/commands/debug/__init__.py,0,0,0,0,0,0,0.0,0,0,5,3,3,2,0,0,0
python-poetry/poetry,tools,src/poetry/console/commands/debug/info.py,28,21,16,0,5,3,2.5,2,1,24,179,151,8,4,0,0
python-poetry/poetry,tools,src/poetry/console/commands/debug/resolve.py,151,110,91,2,37,19,18.5,2,8,58,427,276,14,11,0,1
python-poetry/poetry,tools,src/poetry/console/commands/debug/tags.py,17,13,9,0,5,3,2.5,2,1,1,17,0,1,0,0,0
python-poetry/poetry,tools,src/poetry/console/commands/env/__init__.py,0,0,0,0,0,0,0.0,0,0,3,1,1,2,0,0,0
python-poetry/poetry,tools,src/poetry/console/commands/env/activate.py,70,51,50,0,22,8,4.4,5,3,5,83,13,5,3,1,1
python-poetry/poetry,tools,src/poetry/console/commands/env/info.py,90,69,43,0,19,7,6.333333333333333,3,2,25,170,80,13,5,0,0
python-poetry/poetry,tools,src/poetry/console/commands/env/list.py,41,26,25,0,9,5,4.5,2,2,13,59,18,8,2,0,0
python-poetry/poetry,tools,src/poetry/console/commands/env/remove.py,68,50,35,4,25,13,12.5,2,2,20,111,43,11,2,0,1
python-poetry/poetry,tools,src/poetry/console/commands/env/use.py,37,22,21,0,5,3,2.5,2,2,14,61,24,8,2,0,0
python-poetry/poetry,tools,src/poetry/console/commands/env_command.py,25,15,16,1,6,2,1.5,4,2,15,87,62,8,5,0,0
python-poetry/poetry,tools,src/poetry/console/commands/group_command.py,134,98,55,3,30,12,3.75,8,3,20,189,55,8,1,0,0
python-poetry/poetry,tools,src/poetry/console/commands/init.py,538,422,279,7,102,38,8.5,12,15,113,1318,773,35,20,1,1
python-poetry/poetry,tools,src/poetry/console/commands/install.py,227,184,89,8,36,23,7.2,5,4,93,620,393,29,15,0,0
python-poetry/poetry,tools,src/poetry/console/commands/installer_command.py,39,25,26,1,8,2,1.3333333333333333,6,4,14,62,23,7,4,0,0
python-poetry/poetry,tools,src/poetry/console/commands/lock.py,44,31,18,0,3,2,1.5,2,1,40,148,104,15,5,0,0
python-poetry/poetry,tools,src/poetry/console/commands/new.py,92,75,28,3,19,11,9.5,2,1,49,260,168,17,9,0,0
python-poetry/poetry,tools,src/poetry/console/commands/publish.py,111,85,37,1,17,9,8.5,2,2,30,171,60,15,3,1,1
python-poetry/poetry,tools,src/poetry/console/commands/python/__init__.py,0,0,0,0,0,0,0.0,0,0,1,0,0,1,0,0,0
python-poetry/poetry,tools,src/poetry/console/commands/python/install.py,128,105,72,0,25,13,12.5,2,7,1,128,0,1,0,0,0
python-poetry/poetry,tools,src/poetry/console/commands/python/list.py,128,103,61,0,29,15,14.5,2,6,1,128,0,1,0,0,1
python-poetry/poetry,tools,src/poetry/console/commands/python/remove.py,96,72,54,0,18,9,6.0,3,4,1,96,0,1,0,0,0
python-poetry/poetry,tools,src/poetry/console/commands/remove.py,198,165,103,3,58,31,19.33333333333333,3,3,57,532,334,16,8,1,1
python-poetry/poetry,tools,src/poetry/console/commands/run.py,99,64,55,1,17,7,3.4,5,3,30,200,101,13,5,0,0
python-poetry/poetry,tools,src/poetry/console/commands/search.py,59,43,31,0,13,7,6.5,2,1,18,112,53,11,4,0,0
python-poetry/poetry,tools,src/poetry/console/commands/self/__init__.py,0,0,0,0,0,0,0.0,0,0,4,2,2,2,0,0,0
python-poetry/poetry,tools,src/poetry/console/commands/self/add.py,47,35,22,0,7,5,3.5,2,4,5,50,3,4,2,0,0
python-poetry/poetry,tools,src/poetry/console/commands/self/install.py,43,32,22,0,5,3,1.6666666666666667,3,3,5,51,8,3,1,0,0
python-poetry/poetry,tools,src/poetry/console/commands/self/lock.py,17,13,7,0,1,1,1.0,1,2,1,17,0,1,0,0,0
python-poetry/poetry,tools,src/poetry/console/commands/self/remove.py,26,19,13,0,3,3,3.0,1,2,2,27,1,2,1,0,0
python-poetry/poetry,tools,src/poetry/console/commands/self/self_command.py,148,90,91,13,26,8,2.0,13,10,12,166,18,6,3,0,1
python-poetry/poetry,tools,src/poetry/console/commands/self/show/__init__.py,45,34,20,0,7,5,3.5,2,2,5,51,6,3,2,0,0
python-poetry/poetry,tools,src/poetry/console/commands/self/show/plugins.py,116,84,73,0,34,14,8.5,4,9,8,166,50,3,0,0,0
python-poetry/poetry,tools,src/poetry/console/commands/self/sync.py,35,26,15,0,5,4,2.5,2,1,2,35,0,2,1,0,0
python-poetry/poetry,tools,src/poetry/console/commands/self/update.py,67,54,36,0,9,5,4.5,2,2,48,942,872,11,10,0,0
python-poetry/poetry,tools,src/poetry/console/commands/show.py,685,541,364,13,138,50,9.857142857142858,14,13,102,1392,706,28,19,1,1
python-poetry/poetry,tools,src/poetry/console/commands/source/__init__.py,0,0,0,0,0,0,0.0,0,0,2,0,0,1,0,0,0
python-poetry/poetry,tools,src/poetry/console/commands/source/add.py,119,96,72,3,24,13,12.0,2,4,24,300,181,11,3,0,0
python-poetry/poetry,tools,src/poetry/console/commands/source/remove.py,50,36,30,0,9,5,4.5,2,1,10,84,34,7,1,0,0
python-poetry/poetry,tools,src/poetry/console/commands/source/show.py,78,59,47,0,24,13,8.0,3,1,11,111,33,8,1,0,0
python-poetry/poetry,tools,src/poetry/console/commands/sync.py,40,27,15,0,5,4,2.5,2,1,2,40,0,2,1,0,0
python-poetry/poetry,tools,src/poetry/console/commands/update.py,58,44,28,1,5,3,2.5,2,1,34,161,103,12,3,1,1
python-poetry/poetry,tools,src/poetry/console/commands/version.py,125,105,75,0,31,12,10.333333333333334,3,3,42,347,222,18,8,0,0
python-poetry/poetry,tools,src/poetry/console/events/__init__.py,0,0,0,0,0,0,0.0,0,0,2,0,0,2,0,0,0
python-poetry/poetry,tools,src/poetry/console/events/console_events.py,0,0,0,0,0,0,0.0,0,0,2,0,0,2,0,0,0
python-poetry/poetry,tools,src/poetry/console/exceptions.py,233,145,114,0,45,9,2.8125,16,1,12,240,7,7,1,0,0
python-poetry/poetry,tools,src/poetry/console/logging/__init__.py,0,0,0,0,0,0,0.0,0,0,3,2,2,2,0,0,0
python-poetry/poetry,tools,src/poetry/console/logging/filters.py,6,3,3,0,0,0,0.0,0,0,1,6,0,1,0,0,0
python-poetry/poetry,tools,src/poetry/console/logging/formatters/__init__.py,10,7,4,0,0,0,0.0,0,1,5,11,1,3,0,0,0
python-poetry/poetry,tools,src/poetry/console/logging/formatters/builder_formatter.py,23,18,14,0,11,6,5.5,2,1,6,29,6,4,0,0,0
python-poetry/poetry,tools,src/poetry/console/logging/formatters/formatter.py,9,6,7,0,3,2,1.5,2,0,9,25,16,9,1,0,0
python-poetry/poetry,tools,src/poetry/console/logging/io_formatter.py,72,49,44,6,22,8,5.5,4,2,13,86,14,8,3,0,0
python-poetry/poetry,tools,src/poetry/console/logging/io_handler.py,30,21,21,0,7,3,2.333333333333333,3,0,13,52,22,7,2,0,0
python-poetry/poetry,tools,src/poetry/exceptions.py,5,3,3,0,1,1,1.0,1,0,6,12,7,6,0,0,0
python-poetry/poetry,tools,src/poetry/factory.py,357,268,209,6,74,27,12.333333333333334,6,21,85,1017,649,21,6,0,0
python-poetry/poetry,tools,src/poetry/inspection/__init__.py,0,0,0,0,0,0,0.0,0,0,2,0,0,1,0,0,0
python-poetry/poetry,tools,src/poetry/inspection/info.py,551,342,296,36,102,20,4.434782608695652,23,11,85,1259,712,19,10,0,1
python-poetry/poetry,tools,src/poetry/inspection/lazy_wheel.py,746,406,374,67,116,9,1.9661016949152543,59,1,11,846,100,8,1,0,1
python-poetry/poetry,tools,src/poetry/installation/__init__.py,6,3,3,0,0,0,0.0,0,1,5,7,1,4,0,0,0
python-poetry/poetry,tools,src/poetry/installation/chef.py,125,99,56,0,19,5,2.375,8,7,42,507,382,15,6,0,1
python-poetry/poetry,tools,src/poetry/installation/chooser.py,330,249,142,8,58,17,8.285714285714286,7,10,33,500,170,15,4,1,1
python-poetry/poetry,tools,src/poetry/installation/executor.py,942,729,562,43,189,25,4.725,40,18,126,2076,1134,44,27,1,1
python-poetry/poetry,tools,src/poetry/installation/installer.py,390,286,206,17,80,35,3.333333333333333,24,14,137,1828,1461,28,35,1,1
python-poetry/poetry,tools,src/poetry/installation/operations/__init__.py,8,5,5,0,0,0,0.0,0,3,8,14,6,6,1,0,0
python-poetry/poetry,tools,src/poetry/installation/operations/install.py,38,27,19,0,7,2,1.1666666666666667,6,2,13,77,39,7,1,0,0
python-poetry/poetry,tools,src/poetry/installation/operations/operation.py,53,38,42,0,11,2,1.1,10,1,22,123,70,10,2,0,0
python-poetry/poetry,tools,src/poetry/installation/operations/uninstall.py,41,30,19,0,7,2,1.1666666666666667,6,2,14,82,41,9,1,0,0
python-poetry/poetry,tools,src/poetry/installation/operations/update.py,55,42,30,0,9,2,1.125,8,2,12,110,55,6,1,0,0
python-poetry/poetry,tools,src/poetry/installation/wheel_installer.py,116,83,68,8,22,5,3.6666666666666665,6,3,11,152,36,5,3,0,1
python-poetry/poetry,tools,src/poetry/json/__init__.py,37,26,20,0,3,3,3.0,1,0,25,146,79,11,5,0,0
python-poetry/poetry,tools,src/poetry/layouts/__init__.py,14,8,9,0,2,2,2.0,1,2,9,28,14,5,0,0,0
python-poetry/poetry,tools,src/poetry/layouts/layout.py,236,177,143,7,37,14,3.363636363636364,11,5,54,608,371,15,4,0,0
python-poetry/poetry,tools,src/poetry/layouts/src.py,11,7,7,0,3,2,1.5,2,1,12,41,30,8,1,0,0
python-poetry/poetry,tools,src/poetry/locations.py,25,16,13,0,2,2,2.0,1,0,22,102,77,8,3,0,0
python-poetry/poetry,tools,src/poetry/masonry/__init__.py,0,0,0,0,0,0,0.0,0,0,3,10,10,2,0,0,0
python-poetry/poetry,tools,src/poetry/masonry/api.py,16,13,7,0,0,0,0.0,0,1,17,131,114,7,3,0,0
python-poetry/poetry,tools,src/poetry/masonry/builders/__init__.py,16,9,7,1,0,0,0.0,0,3,8,21,5,5,1,0,0
python-poetry/poetry,tools,src/poetry/masonry/builders/editable.py,275,220,150,3,41,9,4.1,10,9,57,586,311,20,13,1,1
python-poetry/poetry,tools,src/poetry/mixology/__init__.py,18,10,10,0,1,1,1.0,1,4,13,51,33,7,2,0,0
python-poetry/poetry,tools,src/poetry/mixology/assignment.py,62,44,31,0,9,2,1.125,8,4,13,106,44,8,1,0,0
python-poetry/poetry,tools,src/poetry/mixology/failure.py,306,260,161,1,69,25,5.75,12,3,31,553,247,14,4,0,0
python-poetry/poetry,tools,src/poetry/mixology/incompatibility.py,449,348,279,11,138,34,9.857142857142858,14,2,35,865,416,19,4,0,0
python-poetry/poetry,tools,src/poetry/mixology/incompatibility_cause.py,81,39,43,0,19,2,1.1875,16,1,10,134,53,8,1,0,0
python-poetry/poetry,tools,src/poetry/mixology/partial_solution.py,216,122,113,21,44,10,3.142857142857143,14,6,27,349,133,12,6,0,0
python-poetry/poetry,tools,src/poetry/mixology/result.py,28,21,16,0,5,2,1.25,4,2,8,44,16,5,1,0,0
python-poetry/poetry,tools,src/poetry/mixology/set_relation.py,13,5,6,0,1,1,1.0,1,0,5,16,3,4,0,0,0
python-poetry/poetry,tools,src/poetry/mixology/term.py,198,127,98,19,51,16,3.642857142857143,14,3,30,318,120,13,7,0,0
python-poetry/poetry,tools,src/poetry/mixology/version_solver.py,656,356,279,108,109,21,5.7368421052631575,19,11,79,1364,710,17,21,1,1
python-poetry/poetry,tools,src/poetry/packages/__init__.py,8,5,5,0,0,0,0.0,0,3,31,273,264,9,12,0,0
python-poetry/poetry,tools,src/poetry/packages/dependency_package.py,49,33,34,0,13,2,1.181818181818182,11,2,14,105,56,7,4,0,0
python-poetry/poetry,tools,src/poetry/packages/direct_origin.py,123,99,61,0,15,5,1.875,8,8,7,150,27,6,1,0,0
python-poetry/poetry,tools,src/poetry/packages/locker.py,618,461,365,36,132,39,6.6,20,15,148,1868,1250,33,39,1,1
python-poetry/poetry,tools,src/poetry/packages/package_collection.py,34,22,18,0,7,3,2.333333333333333,3,3,15,64,30,7,3,0,0
python-poetry/poetry,tools,src/poetry/packages/transitive_package_info.py,27,19,23,2,7,4,3.5,2,1,3,31,4,1,0,0,1
python-poetry/poetry,tools,src/poetry/plugins/__init__.py,7,4,4,0,0,0,0.0,0,2,4,9,2,3,0,0,0
python-poetry/poetry,tools,src/poetry/plugins/application_plugin.py,27,15,16,0,7,3,2.333333333333333,3,3,9,37,10,6,1,0,0
python-poetry/poetry,tools,src/poetry/plugins/base_plugin.py,21,8,10,0,3,2,1.5,2,0,6,24,3,5,0,0,0
python-poetry/poetry,tools,src/poetry/plugins/plugin.py,23,11,13,0,3,2,1.5,2,2,7,31,8,5,0,0,0
python-poetry/poetry,tools,src/poetry/plugins/plugin_manager.py,312,230,178,24,62,25,3.4444444444444446,18,14,21,395,83,9,1,0,1
python-poetry/poetry,tools,src/poetry/poetry.py,94,69,57,0,14,2,1.1666666666666667,12,10,76,658,573,16,10,0,0
python-poetry/poetry,tools,src/poetry/publishing/__init__.py,6,3,3,0,0,0,0.0,0,1,6,7,1,4,0,0,0
python-poetry/poetry,tools,src/poetry/publishing/hash_manager.py,65,47,46,2,15,2,1.6666666666666667,9,0,1,65,0,1,0,0,0
python-poetry/poetry,tools,src/poetry/publishing/publisher.py,92,69,49,2,18,11,4.5,4,3,50,618,537,18,10,1,1
python-poetry/poetry,tools,src/poetry/publishing/uploader.py,338,271,178,14,60,14,3.333333333333333,18,7,62,799,461,26,14,1,1
python-poetry/poetry,tools,src/poetry/puzzle/__init__.py,6,3,3,0,0,0,0.0,0,1,5,7,1,4,0,0,0
python-poetry/poetry,tools,src/poetry/puzzle/exceptions.py,30,19,19,0,8,2,1.3333333333333333,6,3,15,68,38,10,3,0,0
python-poetry/poetry,tools,src/poetry/puzzle/provider.py,1029,717,546,108,208,62,5.942857142857143,35,20,244,3752,2639,40,68,1,1
python-poetry/poetry,tools,src/poetry/puzzle/solver.py,507,408,287,26,119,20,4.76,25,13,119,2042,1537,25,37,1,1
python-poetry/poetry,tools,src/poetry/puzzle/transaction.py,189,156,102,14,65,43,16.25,4,5,24,342,153,10,3,1,1
python-poetry/poetry,tools,src/poetry/pyproject/__init__.py,0,0,0,0,0,0,0.0,0,0,1,0,0,1,0,0,0
python-poetry/poetry,tools,src/poetry/pyproject/toml.py,62,38,40,0,13,4,2.1666666666666665,6,2,2,63,1,1,0,0,0
python-poetry/poetry,tools,src/poetry/repositories/__init__.py,7,4,4,0,0,0,0.0,0,2,11,14,7,6,1,0,0
python-poetry/poetry,tools,src/poetry/repositories/abstract_repository.py,29,20,23,0,7,2,1.1666666666666667,6,3,5,43,14,5,0,0,0
python-poetry/poetry,tools,src/poetry/repositories/cached_repository.py,72,48,41,1,10,3,2.0,5,6,15,116,44,5,3,0,0
python-poetry/poetry,tools,src/poetry/repositories/exceptions.py,13,7,7,0,3,1,1.0,3,0,6,16,3,6,1,0,0
python-poetry/poetry,tools,src/poetry/repositories/http_repository.py,432,336,245,35,90,37,5.625,16,16,41,647,215,12,5,0,1
python-poetry/poetry,tools,src/poetry/repositories/installed_repository.py,311,235,163,19,58,15,6.444444444444445,9,8,58,656,337,17,11,1,1
python-poetry/poetry,tools,src/poetry/repositories/legacy_repository.py,159,117,73,0,22,5,2.4444444444444446,9,8,110,1292,1122,32,29,0,0
python-poetry/poetry,tools,src/poetry/repositories/link_sources/__init__.py,0,0,0,0,0,0,0.0,0,0,1,0,0,1,0,0,0
python-poetry/poetry,tools,src/poetry/repositories/link_sources/base.py,126,95,89,2,28,8,2.5454545454545454,11,5,16,184,58,8,4,0,0
python-poetry/poetry,tools,src/poetry/repositories/link_sources/html.py,103,72,75,2,35,11,5.0,7,3,12,137,34,5,1,0,0
python-poetry/poetry,tools,src/poetry/repositories/link_sources/json.py,55,38,39,2,15,8,5.0,3,2,3,57,2,2,0,0,0
python-poetry/poetry,tools,src/poetry/repositories/lockfile_repository.py,22,10,11,0,6,3,2.0,3,2,3,32,10,2,0,0,0
python-poetry/poetry,tools,src/poetry/repositories/parsers/__init__.py,0,0,0,0,0,0,0.0,0,0,1,0,0,1,0,0,0
python-poetry/poetry,tools,src/poetry/repositories/parsers/html_page_parser.py,18,14,16,0,10,5,3.333333333333333,3,0,1,18,0,1,0,0,0
python-poetry/poetry,tools,src/poetry/repositories/parsers/pypi_search_parser.py,70,53,54,3,28,11,4.0,7,0,1,70,0,1,0,0,0
python-poetry/poetry,tools,src/poetry/repositories/pypi_repository.py,242,178,126,11,38,8,3.4545454545454546,11,13,139,1864,1622,25,48,0,0
python-poetry/poetry,tools,src/poetry/repositories/repository.py,111,81,68,4,36,9,3.0,12,6,65,438,327,13,17,0,0
python-poetry/poetry,tools,src/poetry/repositories/repository_pool.py,183,135,118,2,45,6,2.25,20,8,64,619,436,19,14,0,0
python-poetry/poetry,tools,src/poetry/repositories/single_page_repository.py,22,13,14,0,5,3,2.5,2,3,6,31,9,4,1,0,0
python-poetry/poetry,tools,src/poetry/toml/__init__.py,7,4,4,0,0,0,0.0,0,2,1,7,0,1,0,0,0
python-poetry/poetry,tools,src/poetry/toml/exceptions.py,8,5,5,0,1,1,1.0,1,1,2,10,2,2,0,0,0
python-poetry/poetry,tools,src/poetry/toml/file.py,37,24,24,0,8,2,1.3333333333333333,6,1,4,55,18,3,0,0,0
python-poetry/poetry,tools,src/poetry/utils/__init__.py,0,0,0,0,0,0,0.0,0,0,2,0,0,2,0,0,0
python-poetry/poetry,tools,src/poetry/utils/_compat.py,65,42,35,2,10,4,3.333333333333333,3,0,40,423,358,13,14,0,1
python-poetry/poetry,tools,src/poetry/utils/authenticator.py,469,359,285,15,106,18,3.212121212121212,33,6,59,857,388,22,8,1,1
python-poetry/poetry,tools,src/poetry/utils/cache.py,340,222,197,8,64,12,2.4615384615384617,26,5,14,406,66,7,2,0,1
python-poetry/poetry,tools,src/poetry/utils/constants.py,12,5,5,2,0,0,0.0,0,0,4,14,2,3,2,0,1
python-poetry/poetry,tools,src/poetry/utils/dependency_specification.py,232,180,148,1,64,13,7.111111111111111,9,6,14,421,189,9,2,0,0
python-poetry/poetry,tools,src/poetry/utils/env/__init__.py,109,84,47,1,7,6,3.5,2,13,10,160,51,5,2,0,0
python-poetry/poetry,tools,src/poetry/utils/env/base_env.py,517,355,354,20,117,13,2.34,50,5,17,603,86,8,5,0,1
python-poetry/poetry,tools,src/poetry/utils/env/env_manager.py,628,431,361,39,138,27,6.571428571428571,21,13,18,1002,374,9,3,1,1
python-poetry/poetry,tools,src/poetry/utils/env/exceptions.py,33,22,20,0,11,4,2.2,5,1,4,74,41,3,0,0,0
python-poetry/poetry,tools,src/poetry/utils/env/generic_env.py,102,75,63,0,28,17,4.0,7,3,2,104,2,2,1,0,1
python-poetry/poetry,tools,src/poetry/utils/env/mock_env.py,85,68,54,1,17,6,2.125,8,2,4,100,15,3,0,0,0
python-poetry/poetry,tools,src/poetry/utils/env/null_env.py,48,35,34,0,10,2,1.6666666666666667,6,1,2,57,9,2,0,0,1
python-poetry/poetry,tools,src/poetry/utils/env/python/__init__.py,6,3,3,0,0,0,0.0,0,1,1,6,0,1,0,0,0
python-poetry/poetry,tools,src/poetry/utils/env/python/exceptions.py,41,31,17,0,12,3,1.7142857142857142,7,0,1,41,0,1,0,1,1
python-poetry/poetry,tools,src/poetry/utils/env/python/installer.py,113,87,56,2,20,8,2.857142857142857,7,4,1,113,0,1,0,0,0
python-poetry/poetry,tools,src/poetry/utils/env/python/manager.py,310,212,161,6,64,9,2.6666666666666665,24,5,8,448,138,5,1,1,1
python-poetry/poetry,tools,src/poetry/utils/env/python/providers.py,86,58,50,13,25,10,2.7777777777777777,9,3,3,88,2,2,1,0,0
python-poetry/poetry,tools,src/poetry/utils/env/script_strings.py,136,105,9,0,0,0,0.0,0,0,7,183,47,3,4,0,1
python-poetry/poetry,tools,src/poetry/utils/env/site_packages.py,235,192,124,1,56,8,2.8,20,2,7,262,27,4,0,0,1
python-poetry/poetry,tools,src/poetry/utils/env/system_env.py,83,62,47,1,13,3,1.625,8,1,6,98,15,4,0,0,1
python-poetry/poetry,tools,src/poetry/utils/env/virtual_env.py,172,121,105,17,30,6,2.0,15,2,10,208,36,5,4,0,1
python-poetry/poetry,tools,src/poetry/utils/extras.py,55,30,24,4,9,9,9.0,1,1,23,174,68,12,5,0,0
python-poetry/poetry,tools,src/poetry/utils/helpers.py,426,316,254,12,89,8,3.2962962962962963,27,4,83,811,376,29,13,1,1
python-poetry/poetry,tools,src/poetry/utils/isolated_build.py,209,155,104,11,35,6,2.5,14,11,8,231,22,3,2,0,0
python-poetry/poetry,tools,src/poetry/utils/log_utils.py,30,20,14,0,1,1,1.0,1,2,1,30,0,1,0,0,0
python-poetry/poetry,tools,src/poetry/utils/password_manager.py,286,191,178,8,66,8,2.869565217391304,23,2,32,569,275,19,7,1,1
python-poetry/poetry,tools,src/poetry/utils/patterns.py,19,15,4,0,0,0,0.0,0,0,7,29,10,5,3,0,0
python-poetry/poetry,tools,src/poetry/utils/pip.py,58,40,25,4,8,8,8.0,1,2,21,130,72,11,3,0,0
python-poetry/poetry,tools,src/poetry/utils/threading.py,69,36,36,3,11,4,1.8333333333333333,6,0,1,69,0,1,0,0,0
python-poetry/poetry,tools,src/poetry/utils/wheel.py,47,30,28,0,15,5,3.0,5,2,2,49,2,2,0,0,0
python-poetry/poetry,tools,src/poetry/vcs/__init__.py,0,0,0,0,0,0,0.0,0,0,1,0,0,1,0,0,0
python-poetry/poetry,tools,src/poetry/vcs/git/__init__.py,6,3,3,0,0,0,0.0,0,1,2,7,1,2,0,0,0
python-poetry/poetry,tools,src/poetry/vcs/git/backend.py,586,430,309,28,109,15,3.892857142857143,28,5,31,787,201,12,7,1,1
python-poetry/poetry,tools,src/poetry/vcs/git/system.py,59,43,31,0,8,2,1.6,5,0,11,101,42,7,2,0,0
python-poetry/poetry,tools,src/poetry/version/__init__.py,0,0,0,0,0,0,0.0,0,0,9,85,85,4,2,0,0
python-poetry/poetry,tools,src/poetry/version/version_selector.py,56,39,24,1,18,10,6.0,3,3,36,203,147,12,8,0,0
pytest-dev/pytest,tools,bench/bench.py,17,12,13,1,0,0,0.0,0,1,23,48,31,9,3,0,0
pytest-dev/pytest,tools,bench/bench_argcomplete.py,22,12,9,5,0,0,0.0,0,0,10,45,23,4,0,0,0
pytest-dev/pytest,tools,bench/empty.py,5,3,3,0,0,0,0.0,0,0,9,14,9,5,2,0,0
pytest-dev/pytest,tools,bench/manyparam.py,16,9,9,0,3,1,1.0,3,1,7,20,4,3,1,0,0
pytest-dev/pytest,tools,bench/skip.py,12,7,7,0,2,2,2.0,1,1,10,18,6,5,0,0,0
pytest-dev/pytest,tools,bench/xunit.py,14,12,3,0,0,0,0.0,0,0,2,14,0,2,1,0,0
pytest-dev/pytest,tools,extra/get_issues.py,89,63,61,8,17,6,4.25,4,0,22,157,68,8,4,0,0
pytest-dev/pytest,tools,src/_pytest/__init__.py,13,8,8,3,0,0,0.0,0,1,258,272,261,10,57,0,0
pytest-dev/pytest,tools,src/_pytest/_argcomplete.py,117,38,42,3,17,8,3.4,5,0,35,189,71,13,3,0,0
pytest-dev/pytest,tools,src/_pytest/_code/__init__.py,26,21,12,0,0,0,0.0,0,2,18,60,34,6,1,0,0
pytest-dev/pytest,tools,src/_pytest/_code/code.py,1561,1047,964,102,364,14,3.0847457627118646,118,7,210,3338,1773,47,34,1,1
pytest-dev/pytest,tools,src/_pytest/_code/source.py,225,161,173,22,61,12,3.210526315789474,19,0,95,887,661,16,10,0,1
pytest-dev/pytest,tools,src/_pytest/_io/__init__.py,10,7,4,0,0,0,0.0,0,1,10,53,43,6,0,0,0
pytest-dev/pytest,tools,src/_pytest/_io/pprint.py,673,555,345,23,116,21,3.515151515151515,33,0,26,1276,603,5,2,0,1
pytest-dev/pytest,tools,src/_pytest/_io/saferepr.py,130,72,75,4,30,5,3.0,10,0,32,359,229,12,2,0,1
pytest-dev/pytest,tools,src/_pytest/_io/terminalwriter.py,255,180,146,29,62,8,3.875,16,3,49,962,704,13,4,0,0
pytest-dev/pytest,tools,src/_pytest/_io/wcwidth.py,57,31,28,5,12,9,6.0,2,0,3,58,1,3,0,0,0
pytest-dev/pytest,tools,src/_pytest/_py/__init__.py,0,0,0,0,0,0,0.0,0,0,1,0,0,1,0,0,0
pytest-dev/pytest,tools,src/_pytest/_py/error.py,119,88,66,8,21,7,2.625,8,0,12,180,61,5,3,0,0
pytest-dev/pytest,tools,src/_pytest/_py/path.py,1475,1019,1070,62,383,26,3.2457627118644066,118,2,30,2374,899,7,2,0,1
pytest-dev/pytest,tools,src/_pytest/assertion/__init__.py,208,133,105,5,26,6,2.0,13,6,148,1114,906,24,16,0,1
pytest-dev/pytest,tools,src/_pytest/assertion/rewrite.py,1202,828,756,120,217,22,4.018518518518518,54,10,319,3372,2099,59,68,1,1
pytest-dev/pytest,tools,src/_pytest/assertion/truncate.py,137,79,66,27,22,10,5.5,4,3,24,246,109,11,0,0,1
pytest-dev/pytest,tools,src/_pytest/assertion/util.py,615,451,368,38,155,27,5.344827586206897,29,7,147,1593,951,43,28,0,0
pytest-dev/pytest,tools,src/_pytest/cacheprovider.py,646,439,368,32,139,12,3.756756756756757,37,12,162,1435,789,35,26,0,0
pytest-dev/pytest,tools,src/_pytest/capture.py,1144,728,687,44,243,7,1.8270676691729324,133,6,299,4836,3690,46,45,1,1
pytest-dev/pytest,tools,src/_pytest/compat.py,313,155,135,35,57,12,2.7142857142857144,21,2,187,1272,967,41,22,1,1
pytest-dev/pytest,tools,src/_pytest/config/__init__.py,2043,1385,1066,148,353,21,3.8369565217391295,92,21,572,5898,3857,98,66,1,1
pytest-dev/pytest,tools,src/_pytest/config/argparsing.py,535,346,286,18,130,17,3.611111111111111,36,4,67,972,437,21,6,1,1
pytest-dev/pytest,tools,src/_pytest/config/compat.py,85,62,53,4,8,2,1.6,5,2,15,206,121,6,3,0,0
pytest-dev/pytest,tools,src/_pytest/config/exceptions.py,13,5,7,0,2,1,1.0,2,0,10,22,10,6,0,0,0
pytest-dev/pytest,tools,src/_pytest/config/findpaths.py,234,162,144,12,58,16,8.285714285714286,7,3,57,555,321,16,12,1,1
pytest-dev/pytest,tools,src/_pytest/debugging.py,407,292,261,26,61,9,3.210526315789474,19,9,165,1314,908,33,22,0,0
pytest-dev/pytest,tools,src/_pytest/deprecated.py,91,43,16,22,2,2,2.0,1,1,151,546,444,19,10,1,1
pytest-dev/pytest,tools,src/_pytest/doctest.py,736,532,383,39,92,13,2.358974358974359,39,13,215,2049,1289,45,36,0,1
pytest-dev/pytest,tools,src/_pytest/faulthandler.py,105,65,64,12,16,4,2.0,8,5,27,342,237,8,4,0,0
pytest-dev/pytest,tools,src/_pytest/fixtures.py,2014,1305,1053,221,345,18,3.165137614678899,109,16,409,5453,3493,63,56,1,1
pytest-dev/pytest,tools,src/_pytest/freeze_support.py,45,24,24,2,6,5,3.0,2,1,20,91,46,10,0,0,0
pytest-dev/pytest,tools,src/_pytest/helpconfig.py,283,232,141,10,37,11,3.7,10,4,130,775,557,33,13,0,0
pytest-dev/pytest,tools,src/_pytest/hookspec.py,1333,209,171,41,52,1,1.0,52,13,256,2763,1428,40,7,0,0
pytest-dev/pytest,tools,src/_pytest/junitxml.py,695,484,401,33,119,19,2.6444444444444444,45,10,209,2093,1396,60,35,1,1
pytest-dev/pytest,tools,src/_pytest/legacypath.py,468,231,273,26,84,5,1.2352941176470589,68,11,30,658,190,10,1,1,1
pytest-dev/pytest,tools,src/_pytest/logging.py,960,610,513,45,157,9,2.242857142857143,70,10,196,2642,1679,42,15,0,1
pytest-dev/pytest,tools,src/_pytest/main.py,1103,807,585,64,193,28,4.288888888888889,45,11,543,6205,5012,81,80,0,1
pytest-dev/pytest,tools,src/_pytest/mark/__init__.py,300,189,152,9,50,7,3.333333333333333,15,7,190,1697,1409,41,26,0,1
pytest-dev/pytest,tools,src/_pytest/mark/expression.py,331,228,215,4,73,14,2.28125,32,0,32,441,110,11,1,0,1
pytest-dev/pytest,tools,src/_pytest/mark/structures.py,661,401,324,56,132,9,2.490566037735849,53,10,158,1563,902,30,27,1,1
pytest-dev/pytest,tools,src/_pytest/monkeypatch.py,415,214,196,25,59,8,2.95,20,2,129,1255,840,32,16,1,1
pytest-dev/pytest,tools,src/_pytest/nodes.py,772,440,373,47,143,17,3.042553191489361,47,15,204,2041,1268,30,22,0,0
pytest-dev/pytest,tools,src/_pytest/outcomes.py,308,122,113,17,41,12,2.2777777777777777,18,1,76,692,383,22,4,0,0
pytest-dev/pytest,tools,src/_pytest/pastebin.py,117,85,79,10,16,6,3.2,5,5,72,407,274,18,10,0,0
pytest-dev/pytest,tools,src/_pytest/pathlib.py,1063,587,555,97,186,19,4.043478260869565,46,3,116,1651,588,28,23,0,1
pytest-dev/pytest,tools,src/_pytest/pytester.py,1781,1047,910,53,291,11,2.4453781512605044,119,18,496,5709,4116,53,54,0,1
pytest-dev/pytest,tools,src/_pytest/pytester_assertions.py,74,58,27,4,6,4,3.0,2,1,7,91,17,6,0,0,1
pytest-dev/pytest,tools,src/_pytest/python.py,1725,1168,886,144,334,24,3.7111111111111112,90,17,949,11933,10435,121,149,1,1
pytest-dev/pytest,tools,src/_pytest/python_api.py,814,413,336,66,161,12,4.128205128205129,39,0,218,2258,1597,61,28,1,1
pytest-dev/pytest,tools,src/_pytest/raises.py,1519,917,564,101,268,40,4.1875,64,5,25,1822,303,5,7,1,1
pytest-dev/pytest,tools,src/_pytest/recwarn.py,367,206,159,29,65,14,3.095238095238096,21,3,167,1300,933,34,19,1,1
pytest-dev/pytest,tools,src/_pytest/reports.py,637,436,351,40,90,11,2.571428571428572,35,6,105,1150,512,18,7,1,1
pytest-dev/pytest,tools,src/_pytest/runner.py,571,373,343,45,110,13,4.074074074074074,27,9,339,3273,2704,47,51,1,1
pytest-dev/pytest,tools,src/_pytest/scope.py,91,44,43,3,11,3,2.2,5,1,7,114,23,5,0,0,0
pytest-dev/pytest,tools,src/_pytest/setuponly.py,98,77,62,4,20,8,4.0,5,6,36,208,110,14,4,0,0
pytest-dev/pytest,tools,src/_pytest/setupplan.py,39,31,23,1,5,2,1.6666666666666667,3,4,18,62,23,9,1,0,0
pytest-dev/pytest,tools,src/_pytest/skipping.py,315,243,184,13,60,15,5.454545454545454,11,10,195,2044,1695,37,33,0,0
pytest-dev/pytest,tools,src/_pytest/stash.py,116,35,45,0,13,2,1.3,10,0,13,182,66,7,0,0,0
pytest-dev/pytest,tools,src/_pytest/stepwise.py,209,155,126,20,46,8,3.066666666666667,15,6,33,364,155,13,1,0,0
pytest-dev/pytest,tools,src/_pytest/terminal.py,1643,1341,1122,55,372,22,4.043478260869565,92,14,507,5339,3731,82,67,1,1
pytest-dev/pytest,tools,src/_pytest/threadexception.py,152,111,95,15,17,8,2.125,8,5,13,294,142,7,0,0,0
pytest-dev/pytest,tools,src/_pytest/timing.py,94,40,50,5,12,2,1.3333333333333333,9,2,8,97,3,5,0,0,0
pytest-dev/pytest,tools,src/_pytest/tmpdir.py,312,206,174,23,44,12,3.142857142857143,14,10,153,1203,888,27,16,0,1
pytest-dev/pytest,tools,src/_pytest/tracemalloc.py,24,17,14,3,4,4,4.0,1,0,1,24,0,1,0,0,0
pytest-dev/pytest,tools,src/_pytest/unittest.py,502,355,311,65,86,9,2.8666666666666667,30,10,176,1490,985,24,29,1,1
pytest-dev/pytest,tools,src/_pytest/unraisableexception.py,163,118,101,14,19,8,2.111111111111111,9,5,11,288,125,5,0,0,0
pytest-dev/pytest,tools,src/_pytest/warning_types.py,166,72,83,1,20,2,1.1764705882352942,17,0,51,325,159,13,2,0,0
pytest-dev/pytest,tools,src/_pytest/warnings.py,152,116,68,10,17,10,2.125,8,6,96,644,492,18,6,0,0
pytest-dev/pytest,tools,src/py.py,15,7,7,3,0,0,0.0,0,2,5,17,2,5,0,0,0
pytest-dev/pytest,tools,src/pytest/__init__.py,180,172,88,1,0,0,0.0,0,29,149,491,311,22,24,1,1
pytest-dev/pytest,tools,src/pytest/__main__.py,9,4,5,0,0,0,0.0,0,1,6,13,4,4,0,0,0
psf/requests,web,src/requests/__init__.py,184,104,71,21,13,10,6.5,2,8,181,635,451,27,13,0,0
psf/requests,web,src/requests/__version__.py,14,10,10,3,0,0,0.0,0,0,49,118,104,6,0,0,0
psf/requests,web,src/requests/_internal_utils.py,50,25,26,0,5,3,2.5,2,1,8,62,12,3,0,0,1
psf/requests,web,src/requests/adapters.py,696,378,270,18,82,19,3.727272727272727,22,7,164,1495,799,53,22,0,0
psf/requests,web,src/requests/api.py,157,19,28,3,8,1,1.0,8,1,142,728,614,58,15,0,0
psf/requests,web,src/requests/auth.py,314,205,188,28,56,19,2.9473684210526314,19,4,119,1159,845,46,25,0,0
psf/requests,web,src/requests/certs.py,17,3,4,1,0,0,0.0,0,0,10,56,39,5,0,0,0
psf/requests,web,src/requests/compat.py,106,60,45,19,4,4,4.0,1,0,45,266,154,24,8,0,0
psf/requests,web,src/requests/cookies.py,561,292,279,13,126,9,2.3773584905660377,53,2,81,974,408,31,8,0,0
psf/requests,web,src/requests/exceptions.py,151,39,68,1,36,5,1.2857142857142858,28,1,53,226,69,24,6,0,0
psf/requests,web,src/requests/help.py,134,101,82,2,13,6,4.333333333333333,3,1,15,202,68,7,2,0,0
psf/requests,web,src/requests/hooks.py,33,14,17,1,8,6,4.0,2,0,24,247,213,14,3,0,0
psf/requests,web,src/requests/models.py,1039,597,511,122,214,21,4.458333333333333,48,9,723,5979,5117,201,119,0,1
psf/requests,web,src/requests/packages.py,23,15,15,4,0,0,0.0,0,1,12,67,44,7,1,0,0
psf/requests,web,src/requests/sessions.py,831,406,301,120,122,15,4.066666666666666,30,11,338,2604,1719,108,63,0,1
psf/requests,web,src/requests/status_codes.py,128,100,17,5,6,6,6.0,1,1,35,256,128,22,7,0,0
psf/requests,web,src/requests/structures.py,99,40,44,5,22,2,1.375,16,1,42,1028,925,20,6,0,0
psf/requests,web,src/requests/utils.py,1086,576,547,95,191,18,4.547619047619048,42,7,281,2684,1396,108,41,0,1
scikit-learn/scikit-learn,data,.spin/cmds.py,29,16,11,0,1,1,1.0,1,0,1,29,0,1,0,0,0
scikit-learn/scikit-learn,data,build_tools/azure/get_commit_message.py,75,46,30,19,4,3,2.0,2,0,5,80,5,4,0,0,0
scikit-learn/scikit-learn,data,build_tools/azure/get_selected_tests.py,34,16,17,2,2,2,2.0,1,0,2,36,2,1,0,0,0
scikit-learn/scikit-learn,data,build_tools/check-meson-openmp-dependencies.py,172,79,61,6,28,9,4.0,7,0,1,172,0,1,0,0,0
scikit-learn/scikit-learn,data,build_tools/circle/list_versions.py,142,101,93,14,15,7,3.75,4,1,18,231,89,9,2,0,0
scikit-learn/scikit-learn,data,build_tools/generate_authors_table.py,255,192,123,15,29,16,4.833333333333333,6,0,23,462,207,12,1,0,0
scikit-learn/scikit-learn,data,build_tools/get_comment.py,355,246,91,27,20,8,3.333333333333333,6,0,12,429,74,4,0,0,0
scikit-learn/scikit-learn,data,build_tools/github/check_wheels.py,30,19,17,1,0,0,0.0,0,0,11,75,45,3,0,0,0
scikit-learn/scikit-learn,data,build_tools/github/vendor.py,96,66,37,2,6,5,3.0,2,0,8,225,129,4,0,0,0
scikit-learn/scikit-learn,data,build_tools/update_environments_and_lock_files.py,774,657,163,23,53,18,2.9444444444444446,18,0,107,1373,599,21,6,1,1
scikit-learn/scikit-learn,data,build_tools/wheels/check_license.py,30,22,14,0,0,0,0.0,0,0,2,31,1,2,1,0,0
scikit-learn/scikit-learn,data,maint_tools/bump-dependencies-versions.py,171,133,89,8,33,11,5.5,6,0,2,172,1,2,0,0,0
scikit-learn/scikit-learn,data,maint_tools/check_xfailed_checks.py,37,26,20,7,0,0,0.0,0,2,1,37,0,1,0,0,0
scikit-learn/scikit-learn,data,maint_tools/sort_whats_new.py,43,30,28,4,2,2,2.0,1,0,5,62,19,5,0,0,0
scikit-learn/scikit-learn,data,maint_tools/update_tracking_issue.py,163,114,92,12,11,6,3.6666666666666665,3,0,14,228,65,3,3,0,0
scikit-learn/scikit-learn,data,sklearn/__check_build/__init__.py,54,36,20,7,4,4,4.0,1,1,23,89,35,14,1,0,0
scikit-learn/scikit-learn,data,sklearn/__init__.py,150,79,35,52,6,3,2.0,3,4,161,717,568,44,11,0,0
scikit-learn/scikit-learn,data,sklearn/_build_utils/__init__.py,0,0,0,0,0,0,0.0,0,0,34,293,293,16,1,0,0
scikit-learn/scikit-learn,data,sklearn/_build_utils/tempita.py,62,35,26,5,4,3,2.0,2,0,3,62,0,2,0,0,0
scikit-learn/scikit-learn,data,sklearn/_build_utils/version.py,16,6,7,3,0,0,0.0,0,0,5,19,3,3,0,0,0
scikit-learn/scikit-learn,data,sklearn/_config.py,407,90,49,4,15,11,3.75,4,1,37,510,103,22,0,0,0
scikit-learn/scikit-learn,data,sklearn/_distributor_init.py,13,0,1,2,0,0,0.0,0,0,3,14,1,2,0,0,0
scikit-learn/scikit-learn,data,sklearn/_loss/__init__.py,33,24,3,2,0,0,0.0,0,1,8,47,14,5,0,0,0
scikit-learn/scikit-learn,data,sklearn/_loss/link.py,282,101,112,8,42,5,1.9090909090909087,22,1,8,288,6,4,0,1,1
scikit-learn/scikit-learn,data,sklearn/_loss/loss.py,1216,426,305,61,135,10,2.8125,48,4,18,1284,68,9,1,0,0
scikit-learn/scikit-learn,data,sklearn/_min_dependencies.py,74,55,22,10,0,0,0.0,0,0,87,238,164,24,4,0,0
scikit-learn/scikit-learn,data,sklearn/base.py,1336,400,331,73,131,14,2.5686274509803924,51,15,298,3332,1962,93,42,1,1
scikit-learn/scikit-learn,data,sklearn/calibration.py,1643,585,362,71,102,19,3.642857142857143,28,16,152,3082,1439,68,27,1,1
scikit-learn/scikit-learn,data,sklearn/cluster/__init__.py,64,58,13,2,0,0,0.0,0,11,67,286,217,31,7,0,0
scikit-learn/scikit-learn,data,sklearn/cluster/_affinity_propagation.py,607,257,164,25,36,18,4.0,9,7,136,1386,779,59,19,0,0
scikit-learn/scikit-learn,data,sklearn/cluster/_agglomerative.py,1335,535,369,90,103,32,6.0588235294117645,17,11,343,5263,3597,93,54,0,0
scikit-learn/scikit-learn,data,sklearn/cluster/_bicluster.py,621,288,202,10,55,10,2.75,20,6,127,1650,1029,41,11,0,0
scikit-learn/scikit-learn,data,sklearn/cluster/_birch.py,730,324,261,44,57,8,2.4782608695652173,23,9,110,2012,1282,45,16,0,0
scikit-learn/scikit-learn,data,sklearn/cluster/_bisect_k_means.py,543,217,141,23,39,8,2.7857142857142856,14,7,21,636,93,12,3,1,1
scikit-learn/scikit-learn,data,sklearn/cluster/_dbscan.py,512,124,68,14,16,8,2.6666666666666665,6,6,152,1444,932,66,28,1,1
scikit-learn/scikit-learn,data,sklearn/cluster/_feature_agglomeration.py,76,25,26,5,10,5,3.333333333333333,3,2,47,271,195,24,5,0,0
scikit-learn/scikit-learn,data,sklearn/cluster/_hdbscan/__init__.py,2,0,0,2,0,0,0.0,0,0,2,2,0,2,0,0,0
scikit-learn/scikit-learn,data,sklearn/cluster/_hdbscan/hdbscan.py,1020,420,243,82,73,31,5.615384615384615,13,10,30,1161,141,19,7,0,0
scikit-learn/scikit-learn,data,sklearn/cluster/_kmeans.py,2309,997,542,100,155,13,4.305555555555555,36,15,502,8485,6174,131,91,1,1
scikit-learn/scikit-learn,data,sklearn/cluster/_mean_shift.py,579,191,132,25,37,13,4.625,8,8,150,1732,1155,58,20,0,0
scikit-learn/scikit-learn,data,sklearn/cluster/_optics.py,1202,448,263,62,74,17,5.285714285714286,14,9,95,2570,1368,50,10,0,1
scikit-learn/scikit-learn,data,sklearn/cluster/_spectral.py,805,237,143,26,33,12,4.125,8,8,203,2359,1556,74,32,0,0
scikit-learn/scikit-learn,data,sklearn/compose/__init__.py,23,12,4,2,0,0,0.0,0,2,9,38,15,7,0,0,0
scikit-learn/scikit-learn,data,sklearn/compose/_column_transformer.py,1610,712,453,64,197,23,5.051282051282051,39,14,144,2921,1311,54,31,1,1
scikit-learn/scikit-learn,data,sklearn/compose/_target.py,397,169,103,20,39,12,4.333333333333333,9,9,54,610,213,27,5,0,1
scikit-learn/scikit-learn,data,sklearn/covariance/__init__.py,50,39,7,2,0,0,0.0,0,5,45,166,113,20,3,0,0
scikit-learn/scikit-learn,data,sklearn/covariance/_elliptic_envelope.py,266,47,38,2,8,2,1.1428571428571428,7,5,82,784,518,40,11,0,1
scikit-learn/scikit-learn,data,sklearn/covariance/_empirical_covariance.py,368,107,101,13,23,5,2.3,10,7,117,921,519,45,11,0,0
scikit-learn/scikit-learn,data,sklearn/covariance/_graph_lasso.py,1152,506,289,54,72,19,4.8,15,10,172,2834,1681,67,25,0,1
scikit-learn/scikit-learn,data,sklearn/covariance/_robust_covariance.py,877,375,246,62,42,12,4.666666666666667,9,6,116,2792,1413,49,18,0,1
scikit-learn/scikit-learn,data,sklearn/covariance/_shrunk_covariance.py,822,182,166,48,39,10,2.7857142857142856,14,5,123,1748,926,63,9,0,0
scikit-learn/scikit-learn,data,sklearn/cross_decomposition/__init__.py,8,2,3,2,0,0,0.0,0,1,12,22,14,8,1,0,0
scikit-learn/scikit-learn,data,sklearn/cross_decomposition/_pls.py,1097,405,304,70,67,12,2.68,25,6,130,3101,2004,49,28,0,0
scikit-learn/scikit-learn,data,sklearn/datasets/__init__.py,169,147,23,3,3,3,3.0,1,12,90,420,254,33,6,0,0
scikit-learn/scikit-learn,data,sklearn/datasets/_arff_parser.py,543,273,177,48,60,27,10.0,6,5,18,736,193,5,6,0,1
scikit-learn/scikit-learn,data,sklearn/datasets/_base.py,1636,591,363,24,88,17,4.190476190476191,21,4,244,3407,1748,100,34,0,0
scikit-learn/scikit-learn,data,sklearn/datasets/_california_housing.py,246,103,54,10,5,5,5.0,1,4,59,453,207,40,8,1,1
scikit-learn/scikit-learn,data,sklearn/datasets/_covtype.py,252,117,64,9,10,10,10.0,1,4,53,461,209,38,11,0,0
scikit-learn/scikit-learn,data,sklearn/datasets/_kddcup99.py,430,234,144,11,22,11,7.333333333333333,3,4,52,838,408,38,9,0,0
scikit-learn/scikit-learn,data,sklearn/datasets/_lfw.py,654,309,172,49,42,14,7.0,6,4,118,1551,892,59,15,0,0
scikit-learn/scikit-learn,data,sklearn/datasets/_olivetti_faces.py,187,73,45,8,6,6,6.0,1,4,61,429,242,39,8,0,0
scikit-learn/scikit-learn,data,sklearn/datasets/_openml.py,1164,567,313,57,80,29,5.0,16,5,71,2332,1168,37,10,1,1
scikit-learn/scikit-learn,data,sklearn/datasets/_rcv1.py,339,184,129,24,23,21,7.666666666666667,3,5,47,614,275,30,8,0,0
scikit-learn/scikit-learn,data,sklearn/datasets/_samples_generator.py,2383,898,532,59,103,23,4.681818181818182,22,4,279,4736,2350,107,54,0,0
scikit-learn/scikit-learn,data,sklearn/datasets/_species_distributions.py,287,105,78,14,13,7,3.25,4,4,62,663,378,41,9,0,0
scikit-learn/scikit-learn,data,sklearn/datasets/_svmlight_format_io.py,590,257,128,21,54,20,9.0,6,4,128,1380,790,53,22,0,0
scikit-learn/scikit-learn,data,sklearn/datasets/_twenty_newsgroups.py,625,281,180,12,37,18,6.166666666666667,6,7,112,1319,630,55,18,0,0
scikit-learn/scikit-learn,data,sklearn/datasets/data/__init__.py,2,0,0,2,0,0,0.0,0,0,2,2,0,2,0,0,0
scikit-learn/scikit-learn,data,sklearn/datasets/descr/__init__.py,2,0,0,2,0,0,0.0,0,0,2,2,0,2,0,0,0
scikit-learn/scikit-learn,data,sklearn/datasets/images/__init__.py,2,0,0,2,0,0,0.0,0,0,2,2,0,2,0,0,0
scikit-learn/scikit-learn,data,sklearn/decomposition/__init__.py,50,40,13,2,0,0,0.0,0,11,58,215,164,19,3,0,0
scikit-learn/scikit-learn,data,sklearn/decomposition/_base.py,210,92,81,13,18,5,2.25,8,3,36,338,128,25,7,0,1
scikit-learn/scikit-learn,data,sklearn/decomposition/_dict_learning.py,2341,944,474,60,125,15,3.289473684210526,38,7,231,4261,2911,82,47,0,1
scikit-learn/scikit-learn,data,sklearn/decomposition/_factor_analysis.py,457,189,160,13,28,9,2.5454545454545454,11,6,106,908,451,36,11,0,0
scikit-learn/scikit-learn,data,sklearn/decomposition/_fastica.py,809,315,234,28,58,24,3.411764705882353,17,5,190,2188,1370,63,35,0,0
scikit-learn/scikit-learn,data,sklearn/decomposition/_incremental_pca.py,424,159,116,9,31,14,5.166666666666667,6,6,62,657,233,43,6,0,0
scikit-learn/scikit-learn,data,sklearn/decomposition/_kernel_pca.py,579,199,132,36,31,10,2.8181818181818183,11,8,122,1109,530,60,24,0,0
scikit-learn/scikit-learn,data,sklearn/decomposition/_lda.py,956,382,285,38,59,10,3.2777777777777777,18,6,123,2291,1335,56,14,0,0
scikit-learn/scikit-learn,data,sklearn/decomposition/_nmf.py,2401,997,673,111,191,18,5.026315789473684,38,8,241,5927,3535,71,40,0,1
scikit-learn/scikit-learn,data,sklearn/decomposition/_pca.py,852,323,249,96,63,17,5.25,12,9,279,3103,2259,97,54,0,0
scikit-learn/scikit-learn,data,sklearn/decomposition/_sparse_pca.py,551,208,101,3,20,3,1.5384615384615383,13,7,206,3531,2432,46,38,0,0
scikit-learn/scikit-learn,data,sklearn/decomposition/_truncated_svd.py,322,104,78,9,17,8,2.125,8,7,87,584,262,42,12,1,1
scikit-learn/scikit-learn,data,sklearn/discriminant_analysis.py,1128,379,324,37,78,13,2.888888888888889,27,9,106,1848,720,66,12,0,1
scikit-learn/scikit-learn,data,sklearn/dummy.py,704,295,221,11,85,19,6.071428571428571,14,7,162,1824,1121,56,17,0,0
scikit-learn/scikit-learn,data,sklearn/ensemble/__init__.py,45,39,11,2,0,0,0.0,0,9,43,177,143,14,2,0,0
scikit-learn/scikit-learn,data,sklearn/ensemble/_bagging.py,1492,689,401,59,117,28,3.4411764705882355,34,14,152,2677,1241,75,20,0,1
scikit-learn/scikit-learn,data,sklearn/ensemble/_base.py,313,133,111,15,48,11,2.823529411764706,17,6,95,669,389,38,10,0,0
scikit-learn/scikit-learn,data,sklearn/ensemble/_forest.py,3047,985,499,62,158,36,3.16,50,13,470,8432,5391,134,71,0,1
scikit-learn/scikit-learn,data,sklearn/ensemble/_gb.py,2204,890,551,129,164,17,3.48936170212766,47,15,472,8679,6487,114,77,0,0
scikit-learn/scikit-learn,data,sklearn/ensemble/_hist_gradient_boosting/__init__.py,8,0,1,2,0,0,0.0,0,0,2,8,0,2,0,0,0
scikit-learn/scikit-learn,data,sklearn/ensemble/_hist_gradient_boosting/binning.py,338,136,103,19,31,15,5.166666666666667,6,8,29,552,214,13,5,1,1
scikit-learn/scikit-learn,data,sklearn/ensemble/_hist_gradient_boosting/gradient_boosting.py,2373,1183,656,161,210,53,4.375,48,17,130,3886,1513,48,17,1,1
scikit-learn/scikit-learn,data,sklearn/ensemble/_hist_gradient_boosting/grower.py,822,457,283,59,65,19,3.823529411764706,17,6,37,1280,458,15,4,0,0
scikit-learn/scikit-learn,data,sklearn/ensemble/_hist_gradient_boosting/predictor.py,149,51,36,12,11,3,1.375,8,2,12,199,50,6,0,0,0
scikit-learn/scikit-learn,data,sklearn/ensemble/_hist_gradient_boosting/utils.py,149,105,46,12,18,18,18.0,1,2,4,151,2,3,0,0,0
scikit-learn/scikit-learn,data,sklearn/ensemble/_iforest.py,678,239,129,44,31,10,2.066666666666667,15,9,127,1402,724,57,17,0,0
scikit-learn/scikit-learn,data,sklearn/ensemble/_stacking.py,1145,421,273,39,100,22,3.333333333333333,30,14,63,1648,503,35,4,0,1
scikit-learn/scikit-learn,data,sklearn/ensemble/_voting.py,734,244,179,13,65,11,2.6,25,12,113,1407,673,58,14,1,1
scikit-learn/scikit-learn,data,sklearn/ensemble/_weight_boosting.py,1129,366,259,33,73,8,2.703703703703704,27,9,246,4417,3288,81,46,0,0
scikit-learn/scikit-learn,data,sklearn/exceptions.py,249,75,48,2,22,2,1.2222222222222223,18,0,36,392,143,22,3,0,0
scikit-learn/scikit-learn,data,sklearn/experimental/__init__.py,10,0,1,2,0,0,0.0,0,0,3,15,5,2,0,0,0
scikit-learn/scikit-learn,data,sklearn/experimental/enable_halving_search_cv.py,35,8,6,3,0,0,0.0,0,2,6,47,12,4,0,0,0
scikit-learn/scikit-learn,data,sklearn/experimental/enable_hist_gradient_boosting.py,23,7,3,4,0,0,0.0,0,0,8,58,35,5,0,0,0
scikit-learn/scikit-learn,data,sklearn/experimental/enable_iterative_imputer.py,23,4,5,3,0,0,0.0,0,2,8,31,8,7,0,0,0
scikit-learn/scikit-learn,data,sklearn/externals/__init__.py,5,0,1,0,0,0,0.0,0,0,7,12,1,4,0,0,0
scikit-learn/scikit-learn,data,sklearn/externals/_arff.py,1107,553,516,95,242,19,3.611940298507463,67,0,13,1402,295,12,1,0,0
scikit-learn/scikit-learn,data,sklearn/externals/_array_api_compat_vendor.py,5,1,1,4,0,0,0.0,0,1,1,5,0,1,0,0,0
scikit-learn/scikit-learn,data,sklearn/externals/_numpydoc/docscrape.py,759,585,513,39,229,19,4.089285714285714,56,0,1,759,0,1,0,0,0
scikit-learn/scikit-learn,data,sklearn/externals/_packaging/__init__.py,0,0,0,0,0,0,0.0,0,0,1,0,0,1,0,0,0
scikit-learn/scikit-learn,data,sklearn/externals/_packaging/_structures.py,90,40,41,19,22,2,1.1,20,0,1,90,0,1,0,0,0
scikit-learn/scikit-learn,data,sklearn/externals/_packaging/version.py,535,323,251,74,112,10,2.333333333333333,48,1,2,539,4,2,0,0,0
scikit-learn/scikit-learn,data,sklearn/externals/_scipy/__init__.py,0,0,0,0,0,0,0.0,0,0,1,0,0,1,0,0,0
scikit-learn/scikit-learn,data,sklearn/externals/_scipy/sparse/__init__.py,0,0,0,0,0,0,0.0,0,0,1,0,0,1,0,0,0
scikit-learn/scikit-learn,data,sklearn/externals/_scipy/sparse/csgraph/__init__.py,1,1,1,0,0,0,0.0,0,1,1,1,0,1,0,0,0
scikit-learn/scikit-learn,data,sklearn/externals/_scipy/sparse/csgraph/_laplacian.py,557,190,171,5,52,11,4.727272727272728,11,0,3,559,2,3,0,0,0
scikit-learn/scikit-learn,data,sklearn/externals/array_api_compat/__init__.py,22,2,3,1,0,0,0.0,0,1,3,24,2,2,0,0,0
scikit-learn/scikit-learn,data,sklearn/externals/array_api_compat/_internal.py,59,27,23,2,2,1,1.0,2,0,2,65,6,2,0,0,0
scikit-learn/scikit-learn,data,sklearn/externals/array_api_compat/common/__init__.py,1,1,1,1,0,0,0.0,0,1,2,2,1,2,0,0,0
scikit-learn/scikit-learn,data,sklearn/externals/array_api_compat/common/_aliases.py,727,514,256,76,91,12,2.1666666666666665,42,2,3,925,198,2,0,0,0
scikit-learn/scikit-learn,data,sklearn/externals/array_api_compat/common/_fft.py,213,191,77,2,29,3,1.9333333333333331,15,1,2,281,68,2,0,0,0
scikit-learn/scikit-learn,data,sklearn/externals/array_api_compat/common/_helpers.py,1058,404,344,82,131,23,3.4473684210526314,38,5,3,1241,183,3,0,0,0
scikit-learn/scikit-learn,data,sklearn/externals/array_api_compat/common/_linalg.py,232,172,102,30,33,10,1.736842105263158,19,3,2,272,40,2,0,0,0
scikit-learn/scikit-learn,data,sklearn/externals/array_api_compat/common/_typing.py,192,129,106,20,31,2,1.24,25,0,2,205,13,2,0,0,0
scikit-learn/scikit-learn,data,sklearn/externals/array_api_compat/cupy/__init__.py,13,6,6,6,0,0,0.0,0,1,2,16,3,2,0,0,0
scikit-learn/scikit-learn,data,sklearn/externals/array_api_compat/cupy/_aliases.py,156,124,96,6,12,4,3.0,4,5,2,199,43,2,0,0,0
scikit-learn/scikit-learn,data,sklearn/externals/array_api_compat/cupy/_info.py,336,112,51,2,20,11,3.333333333333333,6,0,2,341,5,2,0,0,0
scikit-learn/scikit-learn,data,sklearn/externals/array_api_compat/cupy/_typing.py,31,26,11,1,0,0,0.0,0,0,2,70,39,2,0,0,0
scikit-learn/scikit-learn,data,sklearn/externals/array_api_compat/cupy/fft.py,36,28,28,4,0,0,0.0,0,2,1,36,0,1,0,0,0
scikit-learn/scikit-learn,data,sklearn/externals/array_api_compat/cupy/linalg.py,49,36,36,8,0,0,0.0,0,3,1,49,0,1,0,0,0
scikit-learn/scikit-learn,data,sklearn/externals/array_api_compat/dask/__init__.py,0,0,0,0,0,0,0.0,0,0,1,0,0,1,0,0,0
scikit-learn/scikit-learn,data,sklearn/externals/array_api_compat/dask/array/__init__.py,12,6,7,4,0,0,0.0,0,1,2,15,3,2,0,0,0
scikit-learn/scikit-learn,data,sklearn/externals/array_api_compat/dask/array/_aliases.py,376,236,148,34,33,9,3.6666666666666665,9,4,2,472,96,2,0,0,0
scikit-learn/scikit-learn,data,sklearn/externals/array_api_compat/dask/array/_info.py,416,175,88,2,28,12,2.0,14,2,2,449,33,2,0,0,0
scikit-learn/scikit-learn,data,sklearn/externals/array_api_compat/dask/array/fft.py,21,14,14,4,0,0,0.0,0,2,2,29,8,2,0,0,0
scikit-learn/scikit-learn,data,sklearn/externals/array_api_compat/dask/array/linalg.py,72,46,38,14,5,2,1.6666666666666667,3,4,2,94,22,2,0,0,0
scikit-learn/scikit-learn,data,sklearn/externals/array_api_compat/numpy/__init__.py,28,11,12,13,0,0,0.0,0,2,2,43,15,2,0,0,0
scikit-learn/scikit-learn,data,sklearn/externals/array_api_compat/numpy/_aliases.py,190,142,106,19,12,4,2.0,6,5,2,246,56,2,0,0,0
scikit-learn/scikit-learn,data,sklearn/externals/array_api_compat/numpy/_info.py,366,135,62,0,22,12,3.142857142857143,7,1,2,381,15,2,0,0,0
scikit-learn/scikit-learn,data,sklearn/externals/array_api_compat/numpy/_typing.py,30,21,19,1,1,1,1.0,1,0,2,73,43,2,0,0,0
scikit-learn/scikit-learn,data,sklearn/externals/array_api_compat/numpy/fft.py,35,27,27,0,1,1,1.0,1,2,2,40,5,2,0,0,0
scikit-learn/scikit-learn,data,sklearn/externals/array_api_compat/numpy/linalg.py,143,101,55,23,5,4,2.5,2,4,2,165,22,2,0,0,0
scikit-learn/scikit-learn,data,sklearn/externals/array_api_compat/torch/__init__.py,22,15,11,5,0,0,0.0,0,1,2,26,4,2,0,0,0
scikit-learn/scikit-learn,data,sklearn/externals/array_api_compat/torch/_aliases.py,855,595,404,126,169,14,3.017857142857143,56,6,3,1017,162,2,0,0,0
scikit-learn/scikit-learn,data,sklearn/externals/array_api_compat/torch/_info.py,369,124,92,18,29,11,4.142857142857143,7,0,2,384,15,2,0,0,0
scikit-learn/scikit-learn,data,sklearn/externals/array_api_compat/torch/_typing.py,3,2,2,0,0,0,0.0,0,0,1,3,0,1,0,0,0
scikit-learn/scikit-learn,data,sklearn/externals/array_api_compat/torch/fft.py,85,71,20,2,6,1,1.0,6,1,2,103,18,2,0,0,0
scikit-learn/scikit-learn,data,sklearn/externals/array_api_compat/torch/linalg.py,121,71,64,31,20,6,3.333333333333333,6,3,2,137,16,2,0,0,0
scikit-learn/scikit-learn,data,sklearn/externals/array_api_extra/__init__.py,42,37,7,1,0,0,0.0,0,4,4,47,5,1,0,0,0
scikit-learn/scikit-learn,data,sklearn/externals/array_api_extra/_delegation.py,328,115,68,7,30,8,7.5,4,4,4,366,38,1,0,0,0
scikit-learn/scikit-learn,data,sklearn/externals/array_api_extra/_lib/__init__.py,1,0,1,0,0,0,0.0,0,0,2,5,4,1,0,0,0
scikit-learn/scikit-learn,data,sklearn/externals/array_api_extra/_lib/_at.py,463,190,121,49,42,21,2.8,15,5,4,471,8,1,0,0,0
scikit-learn/scikit-learn,data,sklearn/externals/array_api_extra/_lib/_backends.py,72,39,38,7,9,3,2.25,4,0,3,113,41,1,0,0,0
scikit-learn/scikit-learn,data,sklearn/externals/array_api_extra/_lib/_funcs.py,1031,397,275,49,93,11,5.166666666666667,18,5,4,1066,35,1,0,0,0
scikit-learn/scikit-learn,data,sklearn/externals/array_api_extra/_lib/_lazy.py,357,161,112,41,32,27,6.4,5,5,4,381,24,1,0,0,0
scikit-learn/scikit-learn,data,sklearn/externals/array_api_extra/_lib/_testing.py,304,141,96,22,35,17,5.0,7,2,4,407,103,1,0,0,0
scikit-learn/scikit-learn,data,sklearn/externals/array_api_extra/_lib/_utils/__init__.py,1,0,1,0,0,0,0.0,0,0,1,1,0,1,0,0,0
scikit-learn/scikit-learn,data,sklearn/externals/array_api_extra/_lib/_utils/_compat.py,74,68,6,3,0,0,0.0,0,1,2,74,0,1,0,0,0
scikit-learn/scikit-learn,data,sklearn/externals/array_api_extra/_lib/_utils/_helpers.py,598,264,215,54,55,13,3.6666666666666665,15,2,4,623,25,1,0,0,0
scikit-learn/scikit-learn,data,sklearn/externals/array_api_extra/_lib/_utils/_typing.py,10,6,6,2,0,0,0.0,0,0,2,11,1,1,0,0,0
scikit-learn/scikit-learn,data,sklearn/externals/array_api_extra/testing.py,415,147,120,25,23,9,2.875,8,2,4,484,69,1,0,0,0
scikit-learn/scikit-learn,data,sklearn/feature_extraction/__init__.py,18,12,6,2,0,0,0.0,0,4,25,45,27,14,2,0,0
scikit-learn/scikit-learn,data,sklearn/feature_extraction/_dict_vectorizer.py,457,198,165,15,66,21,6.0,11,3,84,862,405,34,13,0,0
scikit-learn/scikit-learn,data,sklearn/feature_extraction/_hash.py,208,68,53,5,19,8,3.1666666666666665,6,4,63,398,190,30,9,0,0
scikit-learn/scikit-learn,data,sklearn/feature_extraction/_stop_words.py,328,322,1,5,0,0,0.0,0,0,5,371,43,5,0,0,0
scikit-learn/scikit-learn,data,sklearn/feature_extraction/image.py,692,282,211,16,47,8,3.1333333333333333,15,4,143,1912,864,58,21,1,1
scikit-learn/scikit-learn,data,sklearn/feature_extraction/text.py,2136,845,598,58,203,14,3.690909090909091,55,9,431,6204,4091,136,76,0,0
scikit-learn/scikit-learn,data,sklearn/feature_selection/__init__.py,53,43,9,2,0,0,0.0,0,7,45,271,218,19,2,0,0
scikit-learn/scikit-learn,data,sklearn/feature_selection/_base.py,267,112,91,9,27,11,3.375,8,5,43,366,99,22,3,1,1
scikit-learn/scikit-learn,data,sklearn/feature_selection/_from_model.py,513,239,160,14,50,17,4.545454545454546,11,8,84,1127,614,45,14,0,0
scikit-learn/scikit-learn,data,sklearn/feature_selection/_mutual_info.py,580,209,134,7,28,10,4.0,7,8,47,855,275,26,7,0,0
scikit-learn/scikit-learn,data,sklearn/feature_selection/_rfe.py,1026,378,248,38,50,10,2.5,20,12,219,2357,1331,84,42,1,1
scikit-learn/scikit-learn,data,sklearn/feature_selection/_sequential.py,369,152,91,16,29,17,4.142857142857143,7,8,38,563,194,18,5,0,0
scikit-learn/scikit-learn,data,sklearn/feature_selection/_univariate_selection.py,1171,297,266,52,76,9,2.111111111111111,36,7,211,2798,1613,73,41,0,0
scikit-learn/scikit-learn,data,sklearn/feature_selection/_variance_threshold.py,141,48,43,5,13,7,2.6,5,5,36,201,60,22,3,0,0
scikit-learn/scikit-learn,data,sklearn/frozen/__init__.py,6,2,2,2,0,0,0.0,0,1,2,7,1,2,0,0,0
scikit-learn/scikit-learn,data,sklearn/frozen/_frozen.py,166,49,51,5,16,3,1.4545454545454546,11,5,4,176,10,4,0,0,0
scikit-learn/scikit-learn,data,sklearn/gaussian_process/__init__.py,10,4,5,2,0,0,0.0,0,3,33,94,84,16,2,0,0
scikit-learn/scikit-learn,data,sklearn/gaussian_process/_gpc.py,973,377,261,69,77,10,4.529411764705882,17,8,100,1669,696,40,13,0,0
scikit-learn/scikit-learn,data,sklearn/gaussian_process/_gpr.py,682,296,209,71,66,20,8.25,8,7,123,1393,711,53,25,0,1
scikit-learn/scikit-learn,data,sklearn/gaussian_process/kernels.py,2408,819,733,57,296,16,2.4262295081967213,122,4,111,4401,1993,38,25,0,0
scikit-learn/scikit-learn,data,sklearn/impute/__init__.py,28,15,11,6,2,2,2.0,1,3,11,39,11,7,0,0,0
scikit-learn/scikit-learn,data,sklearn/impute/_base.py,1155,560,427,63,154,22,5.133333333333334,30,7,83,1729,574,44,10,0,0
scikit-learn/scikit-learn,data,sklearn/impute/_iterative.py,1030,428,277,41,75,18,5.357142857142857,14,12,62,1533,503,36,9,0,0
scikit-learn/scikit-learn,data,sklearn/impute/_knn.py,411,166,122,24,15,6,2.5,6,9,49,708,297,25,2,0,0
scikit-learn/scikit-learn,data,sklearn/inspection/__init__.py,16,10,6,2,0,0,0.0,0,4,16,59,43,9,1,0,0
scikit-learn/scikit-learn,data,sklearn/inspection/_partial_dependence.py,779,319,173,51,75,45,18.75,4,13,69,2080,1301,26,9,0,0
scikit-learn/scikit-learn,data,sklearn/inspection/_pd_utils.py,68,25,22,5,11,7,5.5,2,0,2,68,0,2,0,0,0
scikit-learn/scikit-learn,data,sklearn/inspection/_permutation_importance.py,313,138,65,14,17,8,4.25,4,6,37,460,147,23,5,0,0
scikit-learn/scikit-learn,data,sklearn/inspection/_plot/__init__.py,2,0,0,2,0,0,0.0,0,0,2,2,0,2,0,0,0
scikit-learn/scikit-learn,data,sklearn/inspection/_plot/decision_boundary.py,564,241,153,15,79,28,15.8,5,7,22,717,153,13,5,1,1
scikit-learn/scikit-learn,data,sklearn/inspection/_plot/partial_dependence.py,1490,703,376,54,149,62,16.555555555555557,9,8,60,2735,1245,33,8,0,0
scikit-learn/scikit-learn,data,sklearn/isotonic.py,515,174,151,38,37,7,2.466666666666667,15,6,138,1559,1044,53,16,0,0
scikit-learn/scikit-learn,data,sklearn/kernel_approximation.py,1110,388,294,23,81,11,2.793103448275862,29,6,161,2063,953,59,17,0,0
scikit-learn/scikit-learn,data,sklearn/kernel_ridge.py,244,74,55,3,14,5,2.333333333333333,6,5,68,494,250,29,8,0,0
scikit-learn/scikit-learn,data,sklearn/linear_model/__init__.py,108,98,17,5,0,0,0.0,0,15,98,372,264,37,7,0,0
scikit-learn/scikit-learn,data,sklearn/linear_model/_base.py,876,369,286,43,88,14,4.190476190476191,21,9,309,3223,2347,95,60,1,1
scikit-learn/scikit-learn,data,sklearn/linear_model/_bayes.py,824,349,236,51,39,10,3.25,12,6,145,3402,2581,67,21,1,1
scikit-learn/scikit-learn,data,sklearn/linear_model/_coordinate_descent.py,3444,1207,643,149,189,43,3.857142857142857,49,12,464,8654,5191,145,74,1,1
scikit-learn/scikit-learn,data,sklearn/linear_model/_glm/__init__.py,16,12,2,2,0,0,0.0,0,1,8,27,11,6,0,0,0
scikit-learn/scikit-learn,data,sklearn/linear_model/_glm/_newton_solver.py,631,316,220,115,66,13,4.4,15,5,17,674,43,6,4,0,1
scikit-learn/scikit-learn,data,sklearn/linear_model/_glm/glm.py,915,300,148,54,43,12,2.5294117647058822,17,10,48,1446,531,23,4,1,1
scikit-learn/scikit-learn,data,sklearn/linear_model/_huber.py,363,141,107,20,17,6,3.4,5,8,47,515,152,25,4,0,0
scikit-learn/scikit-learn,data,sklearn/linear_model/_least_angle.py,2349,882,546,88,141,70,5.875,24,9,398,5983,3585,95,85,0,1
scikit-learn/scikit-learn,data,sklearn/linear_model/_linear_loss.py,828,373,309,124,73,27,6.083333333333333,12,1,15,962,134,7,1,1,1
scikit-learn/scikit-learn,data,sklearn/linear_model/_logistic.py,2335,1089,580,108,177,46,10.411764705882351,17,19,407,7026,4705,112,68,1,1
scikit-learn/scikit-learn,data,sklearn/linear_model/_omp.py,1128,495,335,20,99,24,8.25,12,8,205,3354,1703,67,34,0,1
scikit-learn/scikit-learn,data,sklearn/linear_model/_passive_aggressive.py,622,180,52,6,19,4,2.375,8,4,87,1262,640,38,8,0,0
scikit-learn/scikit-learn,data,sklearn/linear_model/_perceptron.py,226,56,13,2,3,2,1.5,2,2,73,452,226,38,7,0,0
scikit-learn/scikit-learn,data,sklearn/linear_model/_quantile.py,301,141,87,35,24,15,6.0,4,7,25,492,191,12,2,0,0
scikit-learn/scikit-learn,data,sklearn/linear_model/_ransac.py,726,348,197,27,52,33,6.5,8,9,168,1569,843,48,25,0,1
scikit-learn/scikit-learn,data,sklearn/linear_model/_ridge.py,2930,1344,875,105,283,44,3.675324675324675,77,15,432,6862,3930,126,74,1,1
scikit-learn/scikit-learn,data,sklearn/linear_model/_sag.py,370,147,90,15,22,18,11.0,2,6,39,1113,743,28,1,0,0
scikit-learn/scikit-learn,data,sklearn/linear_model/_stochastic_gradient.py,2672,1365,597,66,182,15,3.3703703703703702,54,13,426,7900,5209,98,72,1,1
scikit-learn/scikit-learn,data,sklearn/linear_model/_theil_sen.py,467,190,137,9,32,8,4.0,8,7,115,1174,707,30,19,0,0
scikit-learn/scikit-learn,data,sklearn/manifold/__init__.py,27,21,8,2,0,0,0.0,0,6,33,79,50,15,4,0,0
scikit-learn/scikit-learn,data,sklearn/manifold/_classical_mds.py,198,58,49,7,8,3,1.6,5,6,1,198,0,1,0,0,0
scikit-learn/scikit-learn,data,sklearn/manifold/_isomap.py,442,189,98,13,22,9,2.75,8,8,99,983,541,36,12,0,0
scikit-learn/scikit-learn,data,sklearn/manifold/_locally_linear.py,878,382,268,40,46,24,4.181818181818182,11,6,156,1946,1068,55,28,0,0
scikit-learn/scikit-learn,data,sklearn/manifold/_mds.py,714,253,142,19,34,11,4.857142857142857,7,7,124,1641,927,45,20,1,1
scikit-learn/scikit-learn,data,sklearn/manifold/_spectral_embedding.py,772,306,213,70,57,28,5.181818181818182,11,9,170,2309,1533,68,33,1,1
scikit-learn/scikit-learn,data,sklearn/manifold/_t_sne.py,1184,499,291,75,73,30,4.866666666666666,15,9,154,2884,1700,73,23,0,0
scikit-learn/scikit-learn,data,sklearn/metrics/__init__.py,188,182,15,2,0,0,0.0,0,13,124,691,504,52,8,0,0
scikit-learn/scikit-learn,data,sklearn/metrics/_base.py,193,74,75,8,19,15,9.5,2,2,31,323,130,18,5,0,0
scikit-learn/scikit-learn,data,sklearn/metrics/_classification.py,3917,1435,760,99,201,25,7.178571428571429,28,9,609,12353,8402,204,95,1,1
scikit-learn/scikit-learn,data,sklearn/metrics/_pairwise_distances_reduction/__init__.py,112,16,2,92,0,0,0.0,0,1,11,191,79,7,0,0,0
scikit-learn/scikit-learn,data,sklearn/metrics/_pairwise_distances_reduction/_dispatcher.py,763,293,91,22,56,13,3.733333333333333,15,7,24,942,179,8,5,0,0
scikit-learn/scikit-learn,data,sklearn/metrics/_plot/__init__.py,2,0,0,2,0,0,0.0,0,0,2,2,0,2,0,0,0
scikit-learn/scikit-learn,data,sklearn/metrics/_plot/confusion_matrix.py,499,157,78,3,23,12,4.6,5,5,43,780,281,25,6,0,0
scikit-learn/scikit-learn,data,sklearn/metrics/_plot/det_curve.py,388,111,50,6,12,6,2.4,5,2,27,642,254,13,4,0,0
scikit-learn/scikit-learn,data,sklearn/metrics/_plot/precision_recall_curve.py,570,179,63,2,20,12,4.0,5,2,44,892,322,25,7,1,1
scikit-learn/scikit-learn,data,sklearn/metrics/_plot/regression.py,413,131,74,4,21,8,4.2,5,3,9,430,17,7,2,0,0
scikit-learn/scikit-learn,data,sklearn/metrics/_plot/roc_curve.py,782,263,96,3,28,14,4.0,7,4,51,1234,452,25,8,0,1
scikit-learn/scikit-learn,data,sklearn/metrics/_ranking.py,2103,700,446,80,118,23,6.2105263157894735,19,10,197,3621,1518,106,24,0,1
scikit-learn/scikit-learn,data,sklearn/metrics/_regression.py,1961,662,319,57,86,12,4.095238095238095,21,5,133,3032,1111,76,13,0,0
scikit-learn/scikit-learn,data,sklearn/metrics/_scorer.py,1128,580,311,22,117,15,2.925,40,8,177,2797,1666,68,28,1,1
scikit-learn/scikit-learn,data,sklearn/metrics/cluster/__init__.py,56,45,5,3,0,0,0.0,0,3,33,154,99,17,6,0,0
scikit-learn/scikit-learn,data,sklearn/metrics/cluster/_bicluster.py,114,44,38,2,7,3,1.75,4,2,29,160,46,21,2,0,0
scikit-learn/scikit-learn,data,sklearn/metrics/cluster/_supervised.py,1341,340,226,47,53,7,3.3125,16,6,223,2996,1655,90,37,0,0
scikit-learn/scikit-learn,data,sklearn/metrics/cluster/_unsupervised.py,463,168,130,9,22,5,3.6666666666666665,6,5,88,931,468,50,9,1,1
scikit-learn/scikit-learn,data,sklearn/metrics/pairwise.py,2697,951,601,119,171,13,4.621621621621622,37,18,425,5990,3140,134,52,1,1
scikit-learn/scikit-learn,data,sklearn/mixture/__init__.py,9,3,4,2,0,0,0.0,0,2,24,45,36,14,0,0,0
scikit-learn/scikit-learn,data,sklearn/mixture/_base.py,614,307,222,16,61,14,2.5416666666666665,24,8,57,1005,391,40,10,1,1
scikit-learn/scikit-learn,data,sklearn/mixture/_bayesian_mixture.py,891,349,187,32,41,5,1.7826086956521738,23,4,48,1332,441,33,2,0,0
scikit-learn/scikit-learn,data,sklearn/mixture/_gaussian_mixture.py,1001,399,282,21,82,8,2.6451612903225805,31,7,68,1802,801,39,9,0,0
scikit-learn/scikit-learn,data,sklearn/model_selection/__init__.py,106,92,14,5,2,2,2.0,1,6,21,199,93,14,0,0,0
scikit-learn/scikit-learn,data,sklearn/model_selection/_classification_threshold.py,883,337,205,11,59,18,2.458333333333333,24,13,17,1106,223,8,1,0,1
scikit-learn/scikit-learn,data,sklearn/model_selection/_plot.py,885,284,102,8,49,20,4.9,10,3,12,1057,172,7,1,0,0
scikit-learn/scikit-learn,data,sklearn/model_selection/_search.py,2006,707,466,75,145,11,3.452380952380953,42,16,225,3911,1905,103,37,0,1
scikit-learn/scikit-learn,data,sklearn/model_selection/_search_successive_halving.py,1099,348,176,42,56,13,3.294117647058824,17,9,38,1412,313,20,4,0,0
scikit-learn/scikit-learn,data,sklearn/model_selection/_split.py,3049,837,651,94,278,30,3.0549450549450547,91,7,178,5068,2019,101,32,1,1
scikit-learn/scikit-learn,data,sklearn/model_selection/_validation.py,2529,1146,562,92,177,36,8.428571428571429,21,13,188,4280,1751,101,25,1,1
scikit-learn/scikit-learn,data,sklearn/multiclass.py,1289,542,340,32,95,8,2.5,38,11,218,3001,1712,74,43,0,0
scikit-learn/scikit-learn,data,sklearn/multioutput.py,1324,483,343,30,120,19,2.926829268292683,41,11,120,2123,799,66,20,0,1
scikit-learn/scikit-learn,data,sklearn/naive_bayes.py,1536,519,443,49,114,13,1.9655172413793105,58,6,289,3935,2405,85,47,1,1
scikit-learn/scikit-learn,data,sklearn/neighbors/__init__.py,49,43,13,2,0,0,0.0,0,11,32,135,86,18,2,0,0
scikit-learn/scikit-learn,data,sklearn/neighbors/_base.py,1397,787,531,71,214,52,10.7,20,13,215,3370,1974,82,46,1,1
scikit-learn/scikit-learn,data,sklearn/neighbors/_classification.py,923,375,243,41,86,19,5.733333333333333,15,8,144,1939,1016,63,16,1,1
scikit-learn/scikit-learn,data,sklearn/neighbors/_graph.py,709,198,84,7,22,3,1.5714285714285714,14,5,70,1146,437,43,5,0,0
scikit-learn/scikit-learn,data,sklearn/neighbors/_kde.py,363,155,97,16,24,6,3.4285714285714284,7,8,71,632,269,38,7,0,0
scikit-learn/scikit-learn,data,sklearn/neighbors/_lof.py,518,165,101,11,26,6,2.0,13,6,68,967,449,46,3,0,0
scikit-learn/scikit-learn,data,sklearn/neighbors/_nca.py,534,236,159,27,46,16,5.111111111111111,9,12,40,886,352,22,3,0,0
scikit-learn/scikit-learn,data,sklearn/neighbors/_nearest_centroid.py,356,173,124,20,31,18,4.428571428571429,7,10,88,707,351,39,11,0,0
scikit-learn/scikit-learn,data,sklearn/neighbors/_regression.py,518,139,79,7,28,9,3.111111111111111,9,4,120,1346,828,58,10,0,0
scikit-learn/scikit-learn,data,sklearn/neighbors/_unsupervised.py,179,31,11,3,4,2,1.3333333333333333,3,2,69,492,313,44,6,0,0
scikit-learn/scikit-learn,data,sklearn/neural_network/__init__.py,9,3,4,2,0,0,0.0,0,2,12,31,22,9,0,0,0
scikit-learn/scikit-learn,data,sklearn/neural_network/_base.py,287,68,63,7,16,3,1.1428571428571428,14,0,22,425,138,13,2,0,0
scikit-learn/scikit-learn,data,sklearn/neural_network/_multilayer_perceptron.py,1801,790,443,82,137,28,3.8055555555555554,36,15,71,2584,783,38,8,1,1
scikit-learn/scikit-learn,data,sklearn/neural_network/_rbm.py,445,166,129,8,26,6,2.0,13,5,40,629,184,20,1,0,0
scikit-learn/scikit-learn,data,sklearn/neural_network/_stochastic_optimizers.py,287,92,71,2,40,6,3.076923076923077,13,0,16,361,74,12,1,0,0
scikit-learn/scikit-learn,data,sklearn/pipeline.py,2140,806,608,99,235,11,3.357142857142857,70,14,286,4470,2374,109,58,1,1
scikit-learn/scikit-learn,data,sklearn/preprocessing/__init__.py,68,62,9,2,0,0,0.0,0,7,122,1389,1321,29,17,0,0
scikit-learn/scikit-learn,data,sklearn/preprocessing/_data.py,3768,1315,914,126,255,16,3.1875,80,10,335,7593,3804,144,54,1,1
scikit-learn/scikit-learn,data,sklearn/preprocessing/_discretization.py,559,236,151,36,52,26,7.428571428571429,7,7,78,1059,500,45,8,0,0
scikit-learn/scikit-learn,data,sklearn/preprocessing/_encoders.py,1703,772,551,88,223,25,8.25925925925926,27,8,135,3285,1583,54,27,1,1
scikit-learn/scikit-learn,data,sklearn/preprocessing/_function_transformer.py,441,187,114,12,50,14,3.571428571428572,14,6,66,712,271,38,11,1,1
scikit-learn/scikit-learn,data,sklearn/preprocessing/_label.py,963,384,333,22,111,27,4.44,25,8,134,2101,1138,65,22,1,1
scikit-learn/scikit-learn,data,sklearn/preprocessing/_polynomial.py,1314,719,468,146,162,44,9.529411764705882,17,9,57,1953,639,28,5,0,1
scikit-learn/scikit-learn,data,sklearn/preprocessing/_target_encoder.py,537,238,137,12,36,7,3.272727272727273,11,8,19,645,108,9,1,0,1
scikit-learn/scikit-learn,data,sklearn/random_projection.py,824,240,151,9,41,6,2.05,20,7,155,2079,1255,48,13,0,0
scikit-learn/scikit-learn,data,sklearn/semi_supervised/__init__.py,13,3,4,2,0,0,0.0,0,2,9,25,12,8,0,0,0
scikit-learn/scikit-learn,data,sklearn/semi_supervised/_label_propagation.py,630,230,164,20,42,8,2.8,15,9,157,2204,1216,52,24,1,1
scikit-learn/scikit-learn,data,sklearn/semi_supervised/_self_training.py,625,269,152,24,40,15,3.636363636363636,11,6,35,905,280,17,4,0,1
scikit-learn/scikit-learn,data,sklearn/svm/__init__.py,29,20,4,4,0,0,0.0,0,2,44,223,194,14,3,0,0
scikit-learn/scikit-learn,data,sklearn/svm/_base.py,1270,785,406,74,137,29,3.8055555555555554,36,10,384,4533,3263,87,98,0,0
scikit-learn/scikit-learn,data,sklearn/svm/_bounds.py,98,35,24,4,4,4,4.0,1,4,45,228,130,25,3,0,0
scikit-learn/scikit-learn,data,sklearn/svm/_classes.py,1798,399,146,13,40,5,1.7391304347826086,23,6,326,4870,3047,111,34,0,0
scikit-learn/scikit-learn,data,sklearn/tree/__init__.py,24,18,4,2,0,0,0.0,0,2,22,60,45,10,1,0,0
scikit-learn/scikit-learn,data,sklearn/tree/_classes.py,2000,646,360,59,112,44,3.5,32,10,513,7237,5635,102,59,1,1
scikit-learn/scikit-learn,data,sklearn/tree/_export.py,1179,726,433,81,155,30,6.2,25,5,101,2082,903,49,17,1,1
scikit-learn/scikit-learn,data,sklearn/tree/_reingold_tilford.py,188,140,138,14,55,9,2.8947368421052637,19,0,8,221,33,7,0,0,0
scikit-learn/scikit-learn,data,sklearn/utils/__init__.py,81,69,17,8,0,0,0.0,0,15,279,3156,3064,90,54,0,0
scikit-learn/scikit-learn,data,sklearn/utils/_arpack.py,33,5,6,2,1,1,1.0,1,1,3,34,1,3,0,0,0
scikit-learn/scikit-learn,data,sklearn/utils/_array_api.py,1107,527,453,96,163,17,3.704545454545455,44,7,59,1761,654,21,11,1,1
scikit-learn/scikit-learn,data,sklearn/utils/_available_if.py,96,30,31,7,10,3,2.0,5,0,5,105,9,3,0,0,0
scikit-learn/scikit-learn,data,sklearn/utils/_bunch.py,70,26,25,11,11,2,1.375,8,0,3,70,0,2,0,0,0
scikit-learn/scikit-learn,data,sklearn/utils/_chunking.py,178,65,53,2,16,5,4.0,4,2,3,180,2,3,0,0,0
scikit-learn/scikit-learn,data,sklearn/utils/_encode.py,370,188,193,13,88,18,5.176470588235294,17,2,19,476,106,12,2,0,0
scikit-learn/scikit-learn,data,sklearn/utils/_estimator_html_repr.py,34,27,5,3,0,0,0.0,0,2,2,36,2,2,1,0,0
scikit-learn/scikit-learn,data,sklearn/utils/_indexing.py,762,378,308,58,135,22,10.384615384615383,13,5,12,789,27,10,4,1,1
scikit-learn/scikit-learn,data,sklearn/utils/_mask.py,181,55,53,8,15,5,3.0,5,3,11,198,17,7,0,0,0
scikit-learn/scikit-learn,data,sklearn/utils/_metadata_requests.py,1646,600,435,117,196,15,2.840579710144928,69,3,39,2108,462,9,6,1,1
scikit-learn/scikit-learn,data,sklearn/utils/_missing.py,68,14,12,2,4,3,2.0,2,0,2,68,0,2,0,0,1
scikit-learn/scikit-learn,data,sklearn/utils/_mocking.py,419,170,154,13,69,11,2.15625,32,4,40,543,124,24,8,0,0
scikit-learn/scikit-learn,data,sklearn/utils/_optional_dependencies.py,46,14,13,3,4,2,2.0,2,0,4,48,2,3,0,0,1
scikit-learn/scikit-learn,data,sklearn/utils/_param_validation.py,910,456,406,27,250,27,3.289473684210526,76,2,34,1175,265,13,4,0,0
scikit-learn/scikit-learn,data,sklearn/utils/_plotting.py,443,296,194,16,85,21,5.666666666666667,15,6,10,453,10,8,1,0,1
scikit-learn/scikit-learn,data,sklearn/utils/_pprint.py,463,283,256,64,85,38,6.071428571428571,14,3,16,546,83,9,3,0,0
scikit-learn/scikit-learn,data,sklearn/utils/_repr_html/__init__.py,2,0,0,2,0,0,0.0,0,0,1,2,0,1,0,0,0
scikit-learn/scikit-learn,data,sklearn/utils/_repr_html/base.py,152,57,47,5,17,3,2.125,8,3,3,156,4,3,0,0,0
scikit-learn/scikit-learn,data,sklearn/utils/_repr_html/estimator.py,497,295,162,20,61,17,5.545454545454546,11,3,31,1023,526,14,9,1,1
scikit-learn/scikit-learn,data,sklearn/utils/_repr_html/params.py,167,99,65,11,20,9,3.333333333333333,6,2,4,180,13,3,0,0,1
scikit-learn/scikit-learn,data,sklearn/utils/_response.py,317,96,64,9,26,12,6.5,4,3,14,376,59,6,2,0,1
scikit-learn/scikit-learn,data,sklearn/utils/_set_output.py,460,194,179,21,76,8,2.4516129032258065,31,2,23,567,107,9,10,1,1
scikit-learn/scikit-learn,data,sklearn/utils/_show_versions.py,115,58,44,3,11,7,3.6666666666666665,3,2,22,223,108,14,1,0,0
scikit-learn/scikit-learn,data,sklearn/utils/_tags.py,296,64,94,6,9,3,1.2857142857142858,7,0,21,773,477,10,3,0,0
scikit-learn/scikit-learn,data,sklearn/utils/_test_common/__init__.py,2,0,0,2,0,0,0.0,0,0,1,2,0,1,0,0,0
scikit-learn/scikit-learn,data,sklearn/utils/_test_common/instance_generator.py,1339,1253,121,91,26,6,5.2,5,33,31,1725,386,10,7,1,1
scikit-learn/scikit-learn,data,sklearn/utils/_testing.py,1467,862,620,102,235,31,3.8524590163934422,61,8,272,3528,2061,92,57,1,1
scikit-learn/scikit-learn,data,sklearn/utils/_unique.py,108,31,36,4,15,4,3.75,4,1,3,110,2,3,0,0,0
scikit-learn/scikit-learn,data,sklearn/utils/_user_interface.py,57,19,21,4,4,2,2.0,2,0,2,57,0,2,0,0,0
scikit-learn/scikit-learn,data,sklearn/utils/class_weight.py,231,110,79,12,26,16,13.0,2,3,50,453,222,29,11,1,1
scikit-learn/scikit-learn,data,sklearn/utils/deprecation.py,149,72,68,16,20,4,2.5,8,0,37,320,171,23,4,0,0
scikit-learn/scikit-learn,data,sklearn/utils/discovery.py,255,129,86,22,39,19,9.75,4,2,10,280,25,6,1,0,0
scikit-learn/scikit-learn,data,sklearn/utils/estimator_checks.py,5410,3788,2616,423,809,38,5.86231884057971,138,19,468,10680,5268,129,88,1,1
scikit-learn/scikit-learn,data,sklearn/utils/extmath.py,1478,510,377,92,109,19,4.954545454545454,22,6,267,3384,1846,95,43,1,1
scikit-learn/scikit-learn,data,sklearn/utils/fixes.py,427,248,209,54,62,13,3.647058823529412,17,3,200,2128,1701,61,77,1,1
scikit-learn/scikit-learn,data,sklearn/utils/graph.py,162,69,51,12,15,8,7.5,2,2,52,555,393,27,9,0,0
scikit-learn/scikit-learn,data,sklearn/utils/metadata_routing.py,22,15,2,6,0,0,0.0,0,1,9,45,23,4,0,0,1
scikit-learn/scikit-learn,data,sklearn/utils/metaestimators.py,169,80,74,16,34,7,4.857142857142857,7,4,53,563,394,27,14,0,1
scikit-learn/scikit-learn,data,sklearn/utils/multiclass.py,588,274,211,54,93,34,9.3,10,4,123,1276,688,47,30,0,1
scikit-learn/scikit-learn,data,sklearn/utils/optimize.py,389,213,148,35,44,14,8.8,5,1,40,618,229,22,4,0,0
scikit-learn/scikit-learn,data,sklearn/utils/parallel.py,214,98,75,23,31,11,3.1,10,1,11,243,29,7,2,0,0
scikit-learn/scikit-learn,data,sklearn/utils/random.py,101,55,43,6,8,8,8.0,1,2,43,395,294,19,5,0,0
scikit-learn/scikit-learn,data,sklearn/utils/sparsefuncs.py,808,276,244,15,102,18,5.368421052631579,19,3,79,1537,729,36,7,0,0
scikit-learn/scikit-learn,data,sklearn/utils/stats.py,190,77,46,29,11,11,11.0,1,1,27,401,211,16,7,1,1
scikit-learn/scikit-learn,data,sklearn/utils/validation.py,3035,1301,857,159,406,71,7.96078431372549,51,8,348,5330,2295,109,72,1,1
scrapy/scrapy,data,extras/qps-bench-server.py,61,45,44,4,13,4,2.1666666666666665,6,0,8,77,16,7,1,0,0
scrapy/scrapy,data,extras/qpsclient.py,59,36,37,5,15,5,3.0,5,2,14,82,23,11,0,0,1
scrapy/scrapy,data,scrapy/__init__.py,55,34,23,6,2,2,2.0,1,5,89,296,241,17,3,0,0
scrapy/scrapy,data,scrapy/__main__.py,4,3,3,0,0,0,0.0,0,1,2,5,1,2,0,0,0
scrapy/scrapy,data,scrapy/addons.py,72,42,39,0,13,5,3.25,4,5,35,750,678,6,4,1,1
scrapy/scrapy,data,scrapy/cmdline.py,243,190,160,9,54,10,3.375,16,9,81,627,376,27,13,0,0
scrapy/scrapy,data,scrapy/commands/__init__.py,227,160,117,4,44,8,2.588235294117647,17,4,70,514,286,23,5,1,1
scrapy/scrapy,data,scrapy/commands/bench.py,69,53,50,1,19,3,2.111111111111111,9,5,25,126,57,13,4,1,1
scrapy/scrapy,data,scrapy/commands/check.py,115,92,81,4,36,15,5.142857142857143,7,4,39,296,182,20,3,1,1
scrapy/scrapy,data,scrapy/commands/crawl.py,34,25,23,0,10,5,2.5,4,2,77,380,346,19,3,0,0
scrapy/scrapy,data,scrapy/commands/edit.py,47,37,35,1,12,5,2.0,6,3,18,79,32,12,1,1,1
scrapy/scrapy,data,scrapy/commands/fetch.py,98,78,61,4,20,6,2.2222222222222223,9,6,53,255,158,17,4,0,0
scrapy/scrapy,data,scrapy/commands/genspider.py,226,188,137,4,50,11,3.571428571428572,14,5,72,595,367,26,4,1,1
scrapy/scrapy,data,scrapy/commands/list.py,24,17,18,0,7,3,2.333333333333333,3,2,30,68,44,13,4,0,0
scrapy/scrapy,data,scrapy/commands/parse.py,415,353,255,8,90,12,3.4615384615384617,26,12,110,1237,822,30,20,1,1
scrapy/scrapy,data,scrapy/commands/runspider.py,64,51,52,0,15,7,2.5,6,4,57,236,171,22,4,0,0
scrapy/scrapy,data,scrapy/commands/settings.py,64,57,36,0,15,8,3.0,5,2,24,143,79,13,2,0,0
scrapy/scrapy,data,scrapy/commands/shell.py,102,71,54,5,16,6,2.0,8,7,83,613,512,21,7,0,1
scrapy/scrapy,data,scrapy/commands/startproject.py,141,108,84,0,25,6,3.125,8,4,59,431,290,21,10,0,0
scrapy/scrapy,data,scrapy/commands/version.py,35,28,24,0,10,4,2.0,5,3,27,124,89,13,1,0,0
scrapy/scrapy,data,scrapy/commands/view.py,28,21,19,0,7,2,1.4,5,3,13,46,18,10,1,0,0
scrapy/scrapy,data,scrapy/contracts/__init__.py,207,154,161,7,42,8,3.230769230769231,13,4,40,533,323,12,5,1,1
scrapy/scrapy,data,scrapy/contracts/default.py,127,69,68,1,38,7,3.4545454545454546,11,3,22,245,118,14,1,0,0
scrapy/scrapy,data,scrapy/core/__init__.py,3,0,1,0,0,0,0.0,0,0,2,3,0,2,1,0,0
scrapy/scrapy,data,scrapy/core/downloader/__init__.py,301,248,197,16,48,7,2.1818181818181817,22,13,90,892,592,21,5,1,1
scrapy/scrapy,data,scrapy/core/downloader/contextfactory.py,222,157,89,13,20,3,1.4285714285714286,14,6,45,538,314,14,2,1,1
scrapy/scrapy,data,scrapy/core/downloader/handlers/__init__.py,114,88,77,3,24,5,3.0,8,8,42,296,182,17,0,0,0
scrapy/scrapy,data,scrapy/core/downloader/handlers/datauri.py,28,19,20,0,7,4,3.5,2,4,12,144,116,7,0,0,0
scrapy/scrapy,data,scrapy/core/downloader/handlers/file.py,24,17,17,0,3,2,1.5,2,4,16,62,38,8,1,0,0
scrapy/scrapy,data,scrapy/core/downloader/handlers/ftp.py,154,98,88,3,24,4,2.0,12,7,33,263,109,12,1,1,1
scrapy/scrapy,data,scrapy/core/downloader/handlers/http.py,9,8,3,0,0,0,0.0,0,2,22,142,134,9,1,0,0
scrapy/scrapy,data,scrapy/core/downloader/handlers/http10.py,65,49,44,1,7,2,1.4,5,9,23,119,54,10,1,0,0
scrapy/scrapy,data,scrapy/core/downloader/handlers/http11.py,734,577,396,34,110,12,2.682926829268293,41,10,158,1985,1254,42,9,1,1
scrapy/scrapy,data,scrapy/core/downloader/handlers/http2.py,130,102,72,2,19,4,1.7272727272727273,11,8,25,313,183,7,3,1,1
scrapy/scrapy,data,scrapy/core/downloader/handlers/s3.py,101,81,59,9,25,12,6.25,4,9,48,342,241,19,6,0,0
scrapy/scrapy,data,scrapy/core/downloader/middleware.py,154,131,92,3,13,4,3.25,4,8,55,504,344,14,2,1,1
scrapy/scrapy,data,scrapy/core/downloader/tls.py,91,67,40,4,15,8,5.0,3,1,35,337,246,13,4,1,1
scrapy/scrapy,data,scrapy/core/downloader/webclient.py,239,163,153,22,48,8,2.1818181818181817,22,6,70,643,394,23,12,0,0
scrapy/scrapy,data,scrapy/core/engine.py,633,503,403,27,136,14,4.0,34,18,245,2891,2230,38,19,1,1
scrapy/scrapy,data,scrapy/core/http2/__init__.py,0,0,0,0,0,0,0.0,0,0,1,0,0,1,0,0,0
scrapy/scrapy,data,scrapy/core/http2/agent.py,185,129,97,13,27,3,1.6875,16,5,22,318,133,7,4,1,1
scrapy/scrapy,data,scrapy/core/http2/protocol.py,453,297,236,58,85,10,2.2972972972972974,37,4,52,1055,602,9,6,1,1
scrapy/scrapy,data,scrapy/core/http2/stream.py,495,307,194,67,69,12,3.136363636363636,22,5,62,1191,696,12,8,0,1
scrapy/scrapy,data,scrapy/core/scheduler.py,498,241,196,6,70,6,2.5,28,10,90,1327,829,24,9,1,1
scrapy/scrapy,data,scrapy/core/scraper.py,540,444,301,18,92,10,3.2857142857142856,28,16,151,1686,1142,32,11,1,1
scrapy/scrapy,data,scrapy/core/spidermw.py,563,487,277,27,103,20,6.4375,16,10,109,1497,913,19,8,1,1
scrapy/scrapy,data,scrapy/crawler.py,787,429,376,26,115,9,2.2115384615384617,52,17,194,2092,1319,34,21,1,1
scrapy/scrapy,data,scrapy/downloadermiddlewares/__init__.py,0,0,0,0,0,0,0.0,0,0,3,0,0,3,1,0,0
scrapy/scrapy,data,scrapy/downloadermiddlewares/ajaxcrawl.py,114,63,57,10,16,6,2.6666666666666665,6,6,28,191,77,12,3,0,0
scrapy/scrapy,data,scrapy/downloadermiddlewares/cookies.py,189,146,139,5,47,12,4.2727272727272725,11,9,49,426,236,21,0,0,0
scrapy/scrapy,data,scrapy/downloadermiddlewares/defaultheaders.py,40,24,24,1,6,2,1.5,4,5,20,102,62,9,0,0,0
scrapy/scrapy,data,scrapy/downloadermiddlewares/downloadtimeout.py,41,25,25,1,7,2,1.4,5,4,14,73,32,8,0,0,0
scrapy/scrapy,data,scrapy/downloadermiddlewares/httpauth.py,53,34,30,2,13,5,3.25,4,5,18,117,64,9,1,0,0
scrapy/scrapy,data,scrapy/downloadermiddlewares/httpcache.py,158,122,99,12,28,7,3.111111111111111,9,10,62,842,750,23,0,0,0
scrapy/scrapy,data,scrapy/downloadermiddlewares/httpcompression.py,208,181,130,8,37,10,3.7,10,9,71,413,222,24,9,1,1
scrapy/scrapy,data,scrapy/downloadermiddlewares/httpproxy.py,106,89,74,5,32,10,4.571428571428571,7,7,31,238,134,19,1,0,0
scrapy/scrapy,data,scrapy/downloadermiddlewares/offsite.py,99,81,72,3,24,7,3.0,8,6,9,126,27,4,0,0,0
scrapy/scrapy,data,scrapy/downloadermiddlewares/redirect.py,212,171,121,2,64,14,5.818181818181818,11,8,82,583,371,28,5,1,1
scrapy/scrapy,data,scrapy/downloadermiddlewares/retry.py,179,109,81,1,27,8,3.857142857142857,7,10,76,608,429,24,4,1,1
scrapy/scrapy,data,scrapy/downloadermiddlewares/robotstxt.py,138,110,101,2,32,7,4.0,8,10,66,468,333,25,6,0,0
scrapy/scrapy,data,scrapy/downloadermiddlewares/stats.py,82,64,52,3,14,4,1.75,8,8,28,212,130,11,2,0,0
scrapy/scrapy,data,scrapy/downloadermiddlewares/useragent.py,39,25,25,1,7,2,1.4,5,4,17,79,40,8,1,0,0
scrapy/scrapy,data,scrapy/dupefilters.py,155,121,89,1,29,4,1.8125,16,7,37,301,146,18,2,0,0
scrapy/scrapy,data,scrapy/exceptions.py,90,25,37,4,19,2,1.2666666666666666,15,0,22,130,40,9,1,1,1
scrapy/scrapy,data,scrapy/exporters.py,375,284,267,10,111,14,2.26530612244898,49,3,106,981,616,30,13,0,1
scrapy/scrapy,data,scrapy/extension.py,23,11,12,0,3,2,1.5,2,3,20,77,54,8,0,1,1
scrapy/scrapy,data,scrapy/extensions/__init__.py,0,0,0,0,0,0,0.0,0,0,1,0,0,1,0,0,0
scrapy/scrapy,data,scrapy/extensions/closespider.py,150,113,92,3,33,9,2.75,12,6,47,389,232,15,3,0,0
scrapy/scrapy,data,scrapy/extensions/corestats.py,58,41,44,1,11,2,1.375,8,3,32,214,149,10,2,0,0
scrapy/scrapy,data,scrapy/extensions/debug.py,79,55,51,6,17,3,2.125,8,3,27,150,64,11,1,0,0
scrapy/scrapy,data,scrapy/extensions/feedexport.py,746,588,419,27,158,11,2.7241379310344827,58,12,166,1965,1224,53,25,1,1
scrapy/scrapy,data,scrapy/extensions/httpcache.py,420,302,274,55,97,10,2.8529411764705883,34,9,76,1075,577,30,9,0,0
scrapy/scrapy,data,scrapy/extensions/logstats.py,100,71,75,1,17,4,2.125,8,5,22,234,127,11,2,1,1
scrapy/scrapy,data,scrapy/extensions/memdebug.py,43,28,30,1,10,3,2.5,4,5,31,192,142,11,2,0,0
scrapy/scrapy,data,scrapy/extensions/memusage.py,161,131,122,4,33,6,3.3,10,7,63,406,236,21,6,0,0
scrapy/scrapy,data,scrapy/extensions/periodic_log.py,160,137,123,1,43,12,4.3,10,6,20,347,187,4,1,0,0
scrapy/scrapy,data,scrapy/extensions/postprocessing.py,166,79,69,3,26,2,1.3,20,1,10,190,24,5,0,0,0
scrapy/scrapy,data,scrapy/extensions/spiderstate.py,51,37,39,4,14,3,2.333333333333333,6,4,23,110,51,11,1,0,0
scrapy/scrapy,data,scrapy/extensions/statsmailer.py,48,32,40,1,10,3,2.5,4,5,26,127,72,12,0,0,0
scrapy/scrapy,data,scrapy/extensions/telnet.py,117,83,72,5,12,4,1.7142857142857142,7,7,28,251,134,14,0,0,1
scrapy/scrapy,data,scrapy/extensions/throttle.py,129,92,68,13,22,5,2.2,10,5,42,402,263,13,2,1,1
scrapy/scrapy,data,scrapy/http/__init__.py,30,22,12,0,0,0,0.0,0,10,11,39,9,6,1,0,0
scrapy/scrapy,data,scrapy/http/cookies.py,216,143,134,15,56,9,1.5555555555555556,36,4,42,396,180,18,5,1,1
scrapy/scrapy,data,scrapy/http/headers.py,130,94,84,8,35,5,2.0588235294117645,17,2,35,339,208,13,5,0,0
scrapy/scrapy,data,scrapy/http/request/__init__.py,355,177,135,68,48,11,2.526315789473684,19,6,113,958,598,23,4,1,1
scrapy/scrapy,data,scrapy/http/request/form.py,266,200,141,12,71,16,7.1,10,3,121,974,709,38,17,0,0
scrapy/scrapy,data,scrapy/http/request/json_request.py,77,52,54,1,19,7,2.7142857142857144,7,1,24,172,95,8,1,0,0
scrapy/scrapy,data,scrapy/http/request/rpc.py,40,19,21,3,13,7,6.5,2,2,22,75,35,9,2,0,0
scrapy/scrapy,data,scrapy/http/response/__init__.py,283,194,120,3,35,4,1.75,20,6,72,645,361,22,3,0,0
scrapy/scrapy,data,scrapy/http/response/html.py,12,3,4,0,1,1,1.0,1,1,13,47,34,4,0,1,1
scrapy/scrapy,data,scrapy/http/response/json.py,12,3,4,0,1,1,1.0,1,1,1,12,0,1,0,0,0
scrapy/scrapy,data,scrapy/http/response/text.py,311,216,141,6,51,9,2.4285714285714284,21,6,98,844,537,23,8,0,0
scrapy/scrapy,data,scrapy/http/response/xml.py,12,3,4,0,1,1,1.0,1,1,12,38,25,4,0,1,1
scrapy/scrapy,data,scrapy/interfaces.py,19,6,10,1,6,2,1.2,5,0,15,93,79,8,2,0,0
scrapy/scrapy,data,scrapy/item.py,132,68,73,6,36,8,2.25,16,1,83,759,635,19,14,1,1
scrapy/scrapy,data,scrapy/link.py,59,30,24,0,12,5,2.4,5,0,47,317,267,14,4,1,1
scrapy/scrapy,data,scrapy/linkextractors/__init__.py,133,113,13,8,3,2,1.5,2,1,54,306,173,27,3,0,0
scrapy/scrapy,data,scrapy/linkextractors/lxmlhtml.py,284,224,164,6,80,13,4.444444444444445,18,8,63,615,328,27,10,0,0
scrapy/scrapy,data,scrapy/loader/__init__.py,106,25,21,0,9,5,4.5,2,3,57,520,416,22,3,1,1
scrapy/scrapy,data,scrapy/logformatter.py,202,129,76,5,18,3,2.0,9,5,46,391,188,20,6,1,1
scrapy/scrapy,data,scrapy/mail.py,246,199,124,6,24,10,2.1818181818181817,11,5,65,592,356,23,9,1,1
scrapy/scrapy,data,scrapy/middleware.py,211,177,124,9,38,5,2.533333333333333,15,8,46,427,213,16,5,0,0
scrapy/scrapy,data,scrapy/pipelines/__init__.py,90,65,62,0,18,4,2.25,8,7,30,217,127,10,2,1,1
scrapy/scrapy,data,scrapy/pipelines/files.py,759,627,418,24,115,11,2.555555555555556,45,15,125,1624,871,43,11,1,1
scrapy/scrapy,data,scrapy/pipelines/images.py,278,230,148,10,42,9,3.5,12,9,145,1654,1382,43,15,1,1
scrapy/scrapy,data,scrapy/pipelines/media.py,365,287,215,37,59,8,3.1052631578947367,19,14,118,1258,893,28,17,1,1
scrapy/scrapy,data,scrapy/pqueues.py,367,261,205,8,93,10,2.735294117647059,34,4,35,954,583,13,0,1,1
scrapy/scrapy,data,scrapy/resolver.py,148,105,95,8,31,3,1.631578947368421,19,2,34,323,175,12,1,0,1
scrapy/scrapy,data,scrapy/responsetypes.py,145,113,87,0,34,8,3.7777777777777777,9,3,56,304,161,24,4,0,0
scrapy/scrapy,data,scrapy/robotstxt.py,123,78,79,4,25,3,1.5625,16,3,22,258,132,8,1,1,1
scrapy/scrapy,data,scrapy/selector/__init__.py,11,5,3,1,0,0,0.0,0,1,18,233,222,7,0,0,0
scrapy/scrapy,data,scrapy/selector/unified.py,101,42,37,1,19,7,3.8,5,4,52,437,336,21,5,0,0
scrapy/scrapy,data,scrapy/settings/__init__.py,671,306,286,12,128,7,2.723404255319149,47,3,80,1104,440,23,8,1,1
scrapy/scrapy,data,scrapy/settings/default_settings.py,549,457,193,18,2,2,2.0,1,1,330,1253,706,73,11,1,1
scrapy/scrapy,data,scrapy/shell.py,248,189,164,15,38,7,3.1666666666666665,12,13,100,755,503,27,11,1,1
scrapy/scrapy,data,scrapy/signalmanager.py,108,38,42,0,10,2,1.1111111111111112,9,2,21,168,60,11,1,0,0
scrapy/scrapy,data,scrapy/signals.py,27,20,21,0,0,0,0.0,0,0,20,45,18,10,0,0,0
scrapy/scrapy,data,scrapy/spiderloader.py,149,96,93,1,36,5,1.8,20,5,30,251,102,14,4,0,0
scrapy/scrapy,data,scrapy/spidermiddlewares/__init__.py,0,0,0,0,0,0,0.0,0,0,3,0,0,3,1,0,0
scrapy/scrapy,data,scrapy/spidermiddlewares/base.py,116,52,45,1,21,3,2.1,10,4,5,160,44,2,0,1,1
scrapy/scrapy,data,scrapy/spidermiddlewares/depth.py,101,77,61,4,18,6,2.571428571428572,7,6,43,323,222,12,0,0,0
scrapy/scrapy,data,scrapy/spidermiddlewares/httperror.py,92,68,58,2,18,6,2.571428571428572,7,6,30,183,91,15,1,1,1
scrapy/scrapy,data,scrapy/spidermiddlewares/referer.py,407,197,191,14,90,6,2.8125,32,9,67,919,513,14,3,1,1
scrapy/scrapy,data,scrapy/spidermiddlewares/start.py,31,13,12,0,5,3,2.5,2,3,1,31,0,1,0,0,0
scrapy/scrapy,data,scrapy/spidermiddlewares/urllength.py,53,35,33,2,9,3,2.25,4,4,31,185,132,11,0,0,0
scrapy/scrapy,data,scrapy/spiders/__init__.py,200,105,95,5,24,4,1.7142857142857142,14,12,84,595,395,24,5,0,0
scrapy/scrapy,data,scrapy/spiders/crawl.py,219,175,124,3,50,9,2.5,20,10,74,655,436,22,4,0,0
scrapy/scrapy,data,scrapy/spiders/feed.py,161,88,92,3,29,7,2.071428571428572,14,6,48,324,163,20,3,1,1
scrapy/scrapy,data,scrapy/spiders/init.py,64,33,30,0,8,2,1.3333333333333333,6,5,17,108,44,9,2,0,0
scrapy/scrapy,data,scrapy/spiders/sitemap.py,147,106,102,13,40,12,4.0,10,7,46,303,156,20,3,0,0
scrapy/scrapy,data,scrapy/squeues.py,176,119,93,15,6,2,1.2,5,3,34,375,199,15,2,0,0
scrapy/scrapy,data,scrapy/statscollectors.py,126,89,71,0,32,3,1.3333333333333333,24,3,36,340,214,11,4,1,1
scrapy/scrapy,data,scrapy/templates/project/module/__init__.py,0,0,0,0,0,0,0.0,0,0,2,0,0,2,0,0,0
scrapy/scrapy,data,scrapy/templates/project/module/spiders/__init__.py,4,0,0,4,0,0,0.0,0,0,5,12,8,3,0,0,0
scrapy/scrapy,data,scrapy/utils/__init__.py,0,0,0,0,0,0,0.0,0,0,5,2,2,3,0,0,0
scrapy/scrapy,data,scrapy/utils/_compression.py,124,102,79,6,17,6,2.833333333333333,6,1,16,163,39,4,0,1,1
scrapy/scrapy,data,scrapy/utils/asyncgen.py,22,15,14,0,6,4,3.0,2,0,15,100,76,5,0,0,0
scrapy/scrapy,data,scrapy/utils/asyncio.py,255,131,141,2,37,4,2.3125,16,2,11,300,45,2,0,1,1
scrapy/scrapy,data,scrapy/utils/benchserver.py,46,34,34,1,12,4,2.4,5,0,17,86,40,9,2,0,0
scrapy/scrapy,data,scrapy/utils/boto.py,10,6,7,1,2,2,2.0,1,0,13,58,56,9,0,0,0
scrapy/scrapy,data,scrapy/utils/conf.py,196,148,119,1,28,8,3.5,8,4,56,501,308,22,8,0,0
scrapy/scrapy,data,scrapy/utils/console.py,138,95,77,19,17,6,2.833333333333333,6,0,29,273,136,15,7,1,1
scrapy/scrapy,data,scrapy/utils/curl.py,138,94,82,8,26,10,4.333333333333333,6,0,23,221,83,10,6,0,0
scrapy/scrapy,data,scrapy/utils/datatypes.py,196,117,120,13,50,3,1.4705882352941178,34,2,59,976,787,21,5,1,1
scrapy/scrapy,data,scrapy/utils/decorators.py,132,85,73,1,10,3,1.4285714285714286,7,1,17,180,48,10,1,1,1
scrapy/scrapy,data,scrapy/utils/defer.py,565,308,257,21,70,6,2.1875,32,2,90,1145,555,25,7,1,1
scrapy/scrapy,data,scrapy/utils/deprecate.py,221,105,88,15,16,4,2.0,8,2,46,425,201,19,5,1,1
scrapy/scrapy,data,scrapy/utils/display.py,51,29,30,8,11,5,2.2,5,0,19,113,62,12,3,0,0
scrapy/scrapy,data,scrapy/utils/engine.py,53,38,27,3,6,3,2.0,3,1,41,200,148,10,2,0,0
scrapy/scrapy,data,scrapy/utils/ftp.py,45,34,26,0,6,3,3.0,2,0,16,74,29,8,0,0,0
scrapy/scrapy,data,scrapy/utils/gz.py,46,32,30,3,7,6,3.5,2,2,45,183,147,14,6,0,0
scrapy/scrapy,data,scrapy/utils/httpobj.py,24,13,14,0,2,2,2.0,1,1,9,40,15,7,0,0,0
scrapy/scrapy,data,scrapy/utils/iterators.py,245,190,153,0,53,13,4.416666666666667,12,4,77,645,408,28,13,0,0
scrapy/scrapy,data,scrapy/utils/job.py,16,12,13,0,3,3,3.0,1,1,9,29,13,7,0,0,0
scrapy/scrapy,data,scrapy/utils/log.py,260,157,132,4,54,6,2.7,20,5,63,547,287,22,4,1,1
scrapy/scrapy,data,scrapy/utils/misc.py,310,199,173,7,49,8,4.454545454545454,11,5,138,1099,782,45,11,1,1
scrapy/scrapy,data,scrapy/utils/ossignal.py,38,26,20,3,4,4,4.0,1,0,14,66,31,7,2,0,0
scrapy/scrapy,data,scrapy/utils/project.py,90,69,59,0,20,6,5.0,4,3,36,260,168,21,1,0,0
scrapy/scrapy,data,scrapy/utils/python.py,406,212,209,9,76,13,2.533333333333333,30,2,118,1081,681,34,11,1,1
scrapy/scrapy,data,scrapy/utils/reactor.py,240,144,136,18,36,7,2.4,15,4,48,425,165,17,2,1,1
scrapy/scrapy,data,scrapy/utils/request.py,236,136,115,4,45,9,3.4615384615384617,13,6,62,662,426,22,5,0,1
scrapy/scrapy,data,scrapy/utils/response.py,112,67,66,3,12,4,2.4,5,2,73,391,279,24,14,1,1
scrapy/scrapy,data,scrapy/utils/serialize.py,47,40,36,0,24,11,6.0,4,2,22,180,133,12,0,0,0
scrapy/scrapy,data,scrapy/utils/signal.py,136,100,67,2,13,7,3.25,4,3,32,263,127,9,1,1,1
scrapy/scrapy,data,scrapy/utils/sitemap.py,59,36,36,0,23,9,5.75,4,0,24,111,52,12,2,0,1
scrapy/scrapy,data,scrapy/utils/spider.py,131,86,60,2,22,6,2.2,10,5,37,262,131,14,3,0,0
scrapy/scrapy,data,scrapy/utils/ssl.py,67,51,48,3,11,8,2.75,4,1,21,130,71,6,3,0,1
scrapy/scrapy,data,scrapy/utils/template.py,41,18,20,0,4,3,2.0,2,0,16,79,38,10,1,0,0
scrapy/scrapy,data,scrapy/utils/test.py,217,147,111,6,19,3,1.5833333333333333,12,7,76,467,252,24,6,0,0
scrapy/scrapy,data,scrapy/utils/testproc.py,76,59,54,1,16,4,2.0,8,1,24,135,58,12,2,0,0
scrapy/scrapy,data,scrapy/utils/testsite.py,63,48,34,1,9,2,1.2857142857142858,7,1,21,95,32,15,1,0,0
scrapy/scrapy,data,scrapy/utils/trackref.py,77,42,50,2,15,4,2.5,6,0,23,146,69,12,0,1,1
scrapy/scrapy,data,scrapy/utils/url.py,204,129,73,0,34,12,3.090909090909091,11,2,111,963,759,33,19,1,1
scrapy/scrapy,data,scrapy/utils/versions.py,46,36,27,0,9,5,3.0,3,3,11,103,57,5,0,0,0
